,username,description,location,following,followers,totaltweets,retweetcount,text,hashtags
0,Saro01991,Progress,,31,0,48,1,"Our national and local parties, specialy Opposition is rapidly catch  and  involved in Vulture Politics in Uttar Pradesh fearing clean sweep by CM @myogiadityanath govt in upcoming polls

#рд▓рдЦреАрдордкреБрд░_рдореЗрдВ_рд░рд╛рдЬрдиреИрддрд┐рдХ_рдЧрд┐рджреНрдз https://t.co/ZaxaCbvYR4",[]
1,Saro01991,Progress,,31,0,48,2,"Let's start a new game, who's firstly reached the Lakhimpur and get selfie with kisaan.
Retweet And Expose . 

#рд▓рдЦреАрдордкреБрд░_рдореЗрдВ_рд░рд╛рдЬрдиреИрддрд┐рдХ_рдЧрд┐рджреНрдз",[]
2,efJVIx5Ye08MB93,,,42,2,63,4,#рд▓рдЦреАрдордкреБрд░_рдореЗрдВ_рд░рд╛рдЬрдиреИрддрд┐рдХ_рдЧрд┐рджреНрдз,['рд▓рдЦреАрдордкреБрд░_рдореЗрдВ_рд░рд╛рдЬрдиреИрддрд┐рдХ_рдЧрд┐рджреНрдз']
3,IMRP____,"рдХреНрд╖рддреНрд░рд┐рдп ЁЯЪй

instagram     imrp_26


ЁЯСЙрд╕рддреНрдп рдХреЗ рд╕рд╛рде рдЕрд╕рддреНрдп рдХреЗ рдЦрд┐рд▓рд╛рдл !


рд╣рдо рддреЛ рдмреИрд░рд╛рдЧреА рд╣реИ рди рд╕рдореНрдорд╛рди рдХрд╛ рдореЛрд╣ рди рдЕрдкрдорд╛рди рдХрд╛ рднрдп

    #рд╣рд░_рд╣рд░_рдорд╣рд╛рджреЗрд╡

ЁЯЪй",,27,432,35382,1,"ЁЯСЙЁЯСЙЁЯСЙрдЧрд╝рдЬрд╝рдм рдХрд┐рд╕рд╛рди рд╣реИ рднрд╛рдИ.... 
30 рдПрдХрдбрд╝ рдХреА рдзрд╛рди рдХреА рдЦрдбрд╝реА рдлрд╕рд▓ рдХрдЯрд╡рд╛ рджреА рдЯреЗрдВрдЯ рд▓рдЧрд╡рд╛рдиреЗ рдХреЗ рд▓рд┐рдП ЁЯдФ
#рд▓рдЦреАрдордкреБрд░_рдореЗрдВ_рд░рд╛рдЬрдиреИрддрд┐рдХ_рдЧрд┐рджреНрдз",['рд▓рдЦреАрдордкреБрд░_рдореЗрдВ_рд░рд╛рдЬрдиреИрддрд┐рдХ_рдЧрд┐рджреНрдз']
4,ManishA39998041,B j p,"Varanasi, (рдорд╣рд╛рджреЗрд╡ рдХреА рдирдЧрд░реА) Ind",122,3,48,1577,рдЬрд┐рддрдиреЗ рднреА рдпреЛрдЧреА рдЬреА рд╕рдорд░реНрдердХ рдЗрд╕ рд╕рдордп рдЯреНрд╡рд┐рдЯрд░ рдкрд░ рдПрдХреНрдЯрд┐рд╡ рд╣реИ рд░рд┐рдЯреНрд╡реАрдЯ рдХрд░рдХреЗ рдЕрдкрдиреА рдЙрдкрд╕реНрдерд┐рддрд┐ рджрд░реНрдЬ рдХрд░рд╛рдПрдВ #рд▓рдЦреАрдордкреБрд░_рдореЗрдВ_рд░рд╛рдЬрдиреИрддрд┐рдХ_рдЧрд┐рджреНрдз,['рд▓рдЦреАрдордкреБрд░_рдореЗрдВ_рд░рд╛рдЬрдиреИрддрд┐рдХ_рдЧрд┐рджреНрдз']
5,ProtoMA32878109,"IT Professional, Investor, Banker, Geo-Politics, Economics, Technology ЁЯЪйSanatani Alien ЁЯЪй",Andromeda galaxy ,3990,1209,5318,0,"@priyankagandhi Rajasthan kab jaogi, jahan kal ek ladki ko beh rehmi se kata gya? Twitter par messages ignore karke kab tak bhagogi idhar udhar
#рд▓рдЦреАрдордкреБрд░_рдореЗрдВ_рд░рд╛рдЬрдиреИрддрд┐рдХ_рдЧрд┐рджреНрдз",['рд▓рдЦреАрдордкреБрд░_рдореЗрдВ_рд░рд╛рдЬрдиреИрддрд┐рдХ_рдЧрд┐рджреНрдз']
6,BabluBhaydiya,Student,,12,0,66,1,#рд▓рдЦреАрдордкреБрд░_рдореЗрдВ_рд░рд╛рдЬрдиреИрддрд┐рдХ_рдЧрд┐рджреНрдз,['рд▓рдЦреАрдордкреБрд░_рдореЗрдВ_рд░рд╛рдЬрдиреИрддрд┐рдХ_рдЧрд┐рджреНрдз']
7,BJPVikasMishra,"рдореЛрджреА рднрдХреНрдд (рдирд┐рдЧрдо рдкрд╛рд░реНрд╖рдж рдкреНрд░рддрд┐рдирд┐рдзрд┐ рд╡ рдореАрдбрд┐рдпрд╛ рдкреНрд░рднрд╛рд░реА, рдиреНрдпреВ рдЕрд╢реЛрдХ рдирдЧрд░), рддреНрд░рд┐рд▓реЛрдХрдкреБрд░реА рд╡рд┐рдзрд╛рдирд╕рднрд╛, рджрд┐рд▓реНрд▓реА рдкреНрд░рджреЗрд╢ @BJYM
@narendramodi","New Ashok Nagar, New Delhi",2356,1966,81982,8,"рдЬреЛ рдЕрдкрдиреЗ рд░рд╛рдЬреНрдпреЛрдВ рдХреА рдЪрд┐рдВрддрд╛ рдирд╛ рдХрд░реЗрдВ рдФрд░ рджреВрд╕рд░реЛрдВ рдХреЗ рд░рд╛рдЬреНрдпреЛрдВ рдореЗрдВ рдЬрд╛рдХрд░ рдзрд░рдирд╛ рдкреНрд░рджрд░реНрд╢рди рдХрд░реЗрдВ рдЙрд╕реЗ рдХреНрдпрд╛ рдХрд╣реЗрдВрдЧреЗ?

#рд▓рдЦреАрдордкреБрд░_рдореЗрдВ_рд░рд╛рдЬрдиреИрддрд┐рдХ_рдЧрд┐рджреНрдз https://t.co/B7TkrxyPsu",[]
8,Avaneesh4India,рд╕рдм рдпрд╛рдж рд░рдЦрд╛ рдЬрд╛рдпреЗрдЧрд╛,,141,5,107,3,"рдлреЛрдЯреЛ рдЦреАрдВрдЪрдирд╛ рдордирд╛ рд╣реИ, рд▓реЗрдХрд┐рди рдмрд┐рдирд╛ рдлреЛрдЯреЛ рд▓рд┐рдП рдордВрджрд┐рд░ рдЖрдирд╛ рд╕рдлрд▓ рдереЛрдбрд╝реЗ рд╣реА рд╣реЛрдЧрд╛, рдмрд┐рдирд╛ рдлреЛрдЯреЛ рд╡реЛрдЯ рдХреИрд╕реЗ рдорд╛рдВрдЧреЗрдВрдЧреЗ?
@priyankagandhi #рд▓рдЦреАрдордкреБрд░_рдореЗрдВ_рд░рд╛рдЬрдиреИрддрд┐рдХ_рдЧрд┐рджреНрдз https://t.co/8vJ32ytxbV",[]
9,iShivani_speak,"Nation First , No CompromiseЁЯЗоЁЯЗ│
















Volunteer (ABVP)ЁЯЪйЁЯЪй",,66,41,358,2,"рд░рд╛рд╣реБрд▓ рдЬреА рдЬреИрд╕рд╛ рдИрдорд╛рдирджрд╛рд░ рд╡реНрдпрдХреНрддрд┐ рдореИрдВрдиреЗ рдЖрдЬрддрдХ рдирд╣реАрдВ рджреЗрдЦрд╛ рдЬрд╣рд╛рдВ рдПрдХ рдУрд░ рд░рд╛рдЬрд╕реНрдерд╛рди рдореЗрдВ рдЗрдирдХреЗ рдореБрдЦреНрдпрдордВрддреНрд░реА рдХрд┐рд╕рд╛рдиреЛрдВ рдкрд░ рд▓рд╛рдареА рдЪрд▓рд╡рд╛рддреЗ рд╣реИ рд╡рд╣реА рдЫрддреНрддреАрд╕рдЧрдврд╝ рдореЗрдВ рдЗрдирдХреА рд╕рд░рдХрд╛рд░ рдирд┐рд░реНрджреЛрд╖ рдЖрджрд┐рд╡рд╛рд╕реА рдХрд┐рд╕рд╛рдиреЛрдВ рдХреЛ рдЧреЛрд▓реА рд╕реЗ рдорд╛рд░ рджреЗрддреА рд╣реИ рдпреЗ рд╣реИрдВ рдЕрд╕рд▓реА рдЧрд┐рджреНрдз #рд▓рдЦреАрдордкреБрд░_рдореЗрдВ_рд░рд╛рдЬрдиреИрддрд┐рдХ_рдЧрд┐рджреНрдз 
@arvindswach https://t.co/mksY3BVRu0",[]
10,sanchitsanjay08,#NationFirst,India,1177,980,78064,3,"рд╣рд╛рдерд░рд╕ рдкрд░ рдмрд╣реБрдд рдмреЛрд▓ рд░рд╣реА рдереА рдкрд┐рдВрдХреА, рдЗрд╕ рджрд▓рд┐рдд рдХрд╛ рдбреАрдЬрд▓ рд╕реЗ рдЕрдВрддрд┐рдо рд╕рдВрд╕реНрдХрд╛рд░ рдХрд░ рджрд┐рдпрд╛ рдЧрдпрд╛, рдПрдХ рд╢рдмреНрдж рдирд╣реАрдВ рдирд┐рдХрд▓реЗрдЧрд╛!
#рд▓рдЦреАрдордкреБрд░_рдореЗрдВ_рд░рд╛рдЬрдиреИрддрд┐рдХ_рдЧрд┐рджреНрдз рд╕рд┐рдВрдзреБ рдмреЙрд░реНрдбрд░ рдХреЗ рдЕрдорд╛рдирд╡реАрдп рдШрдЯрдирд╛рдХреНрд░рдо рдкрд░ рдЪреБрдк рдХреНрдпреЛрдВ рд╣реИрдВ??
@priyankagandhi @RahulGandhi @sherryontopp @CHARANJITCHANNI @INCIndia @INCPunjab https://t.co/CV5kb1rAiu",[]
11,iamabhinavchd,"рднрдЧрд╡рд╛ рд╕рдлреЗрдж рд╣рд░рд╛,
рдЬреАрд╡рди рдЪрдХреНрд░ рдореЗрд░рд╛ред
рдХрд░реНрдо рд╕рддреНрдп рдзрд░рддреА рдорд╛рдБ,
рдЗрд╕реА рдореЗрдБ рдореИрдБ рдкрд▓рд╛ред
рднрд╛рд░рддреАрдп рдореИрдБ рдЬрдиреНрдорд╛,
рднрд╛рд░рддреАрдп рд╣реА рдЬрд▓рд╛ред
рднрд╛рд░рддреАрдп рдореИрдБ рдЬреАрдпреВрдВ,
рд╕рджрд╛ рднрд╛рд░рддреАрдп рд░рд╣реВрдВред
Admire @NarendraModi",Chandigarh,848,115,3589,3,"рдлреЛрдЯреЛ рдЦреАрдВрдЪрдирд╛ рдордирд╛ рд╣реИ, рд▓реЗрдХрд┐рди рдмрд┐рдирд╛ рдлреЛрдЯреЛ рд▓рд┐рдП рдордВрджрд┐рд░ рдЖрдирд╛ рд╕рдлрд▓ рдереЛрдбрд╝реЗ рд╣реА рд╣реЛрдЧрд╛, рдмрд┐рдирд╛ рдлреЛрдЯреЛ рд╡реЛрдЯ рдХреИрд╕реЗ рдорд╛рдВрдЧреЗрдВрдЧреЗ?
@priyankagandhi #рд▓рдЦреАрдордкреБрд░_рдореЗрдВ_рд░рд╛рдЬрдиреИрддрд┐рдХ_рдЧрд┐рджреНрдз https://t.co/8vJ32ytxbV",[]
12,iamabhinavchd,"рднрдЧрд╡рд╛ рд╕рдлреЗрдж рд╣рд░рд╛,
рдЬреАрд╡рди рдЪрдХреНрд░ рдореЗрд░рд╛ред
рдХрд░реНрдо рд╕рддреНрдп рдзрд░рддреА рдорд╛рдБ,
рдЗрд╕реА рдореЗрдБ рдореИрдБ рдкрд▓рд╛ред
рднрд╛рд░рддреАрдп рдореИрдБ рдЬрдиреНрдорд╛,
рднрд╛рд░рддреАрдп рд╣реА рдЬрд▓рд╛ред
рднрд╛рд░рддреАрдп рдореИрдБ рдЬреАрдпреВрдВ,
рд╕рджрд╛ рднрд╛рд░рддреАрдп рд░рд╣реВрдВред
Admire @NarendraModi",Chandigarh,848,115,3589,3,"рд╣рд╛рдерд░рд╕ рдкрд░ рдмрд╣реБрдд рдмреЛрд▓ рд░рд╣реА рдереА рдкрд┐рдВрдХреА, рдЗрд╕ рджрд▓рд┐рдд рдХрд╛ рдбреАрдЬрд▓ рд╕реЗ рдЕрдВрддрд┐рдо рд╕рдВрд╕реНрдХрд╛рд░ рдХрд░ рджрд┐рдпрд╛ рдЧрдпрд╛, рдПрдХ рд╢рдмреНрдж рдирд╣реАрдВ рдирд┐рдХрд▓реЗрдЧрд╛!
#рд▓рдЦреАрдордкреБрд░_рдореЗрдВ_рд░рд╛рдЬрдиреИрддрд┐рдХ_рдЧрд┐рджреНрдз рд╕рд┐рдВрдзреБ рдмреЙрд░реНрдбрд░ рдХреЗ рдЕрдорд╛рдирд╡реАрдп рдШрдЯрдирд╛рдХреНрд░рдо рдкрд░ рдЪреБрдк рдХреНрдпреЛрдВ рд╣реИрдВ??
@priyankagandhi @RahulGandhi @sherryontopp @CHARANJITCHANNI @INCIndia @INCPunjab https://t.co/CV5kb1rAiu",[]
13,Gautam_hc,"рднрд╛рд░рддреАрдп, рд╕рдорд╛рдирддрд╛, рдЯреНрд╡рд┐рдЯрд░ /рд╡рд╛рдЯреНрд╕рдРрдк рдФрд░
рд╕рдмрдХрд╛ рд╕рд╛рде, рд╕рдм рдХрд╛ рд╡рд┐рдХрд╛рд╢",Dwarka  INDIA,218,228,21580,7,"рд▓рдЧрднрдЧ рд╕рднреА рд╡рд┐рдкрдХреНрд╖реА рдкрд╛рд░реНрдЯрд┐рдпреЛрдВ рдЕрдкрдиреЗ рд░рд╛рдЬрдиреИрддрд┐рдХ рд╕реНрд╡рд╛рд░реНрде рдХреЗ рд▓рд┐рдП рд▓рдЦреАрдордкреБрд░ рдкрд╣реБрдВрдЪ рд░рд╣реА рд╣реИрдВ рдЙрдирдХрд╛ рд▓рдЦреАрдордкреБрд░ рдЦреАрд░реА рдореЗрдВ рдорд╛рд░реЗ рдЧрдП рд▓реЛрдЧреЛрдВ рд╕реЗ рдХреЛрдИ рд▓реЗрдирд╛-рджреЗрдирд╛ рдирд╣реАрдВ,
рд╕рд┐рд░реНрдл рдЕрдкрдиреА рд░рд╛рдЬрдиреАрддрд┐ рдЪрдордХрд╛рдирд╛ рд╣реИред
#рд▓рдЦреАрдордкреБрд░_рдореЗрдВ_рд░рд╛рдЬрдиреИрддрд┐рдХ_рдЧрд┐рджреНрдз https://t.co/xnth66DvcT",[]
14,BSudharak,"ЁЯЩПрдХрдЯреНрдЯрд░ рднрд╛рд░рддреАрдпЁЯЩП
ЁЯЩПрднрд╛рд░рдд рдорд╛рдБ рдХреА рд╕рдЪреНрдЪреА рд╕рдВрддрд╛рдиреЗрдВЁЯЩП
ЁЯЩПрднрд╛рд░рдд рдорд╛рдБ рдХреЗ рд╕рдЪреНрдЪреЗ рджреЗрд╢ рднрдХреНрддЁЯЩП
ЁЯЩПрднрд╛рд░рдд рдорд╛рдБ рдХреЗ рд╕рдЪреНрдЪреЗ рджреЗрд╢ рдкреНрд░реЗрдореАЁЯЩП
ЁЯЩПрднрд╛рд░рдд рдорд╛рдБ рдХреЗ рд╕рдЪреНрдЪреЗ рднрд╛рд░рдд рд╕рдорд╛рдЬ рд╕реБрдзрд╛рд░рдХЁЯЩП",BHARAT,100,457,1071,4,"@vinod_bansal рдЬрд┐рди рд░рд╛рдЬрдирд┐рддрд┐рдХ рдЧрд┐рджреНрдзреЛрдВ рдХреЗ рд╣рд╛рде #1984 рдореЗрдВ рд╣рдЬрд╝рд╛рд░реЛрдВ рд╕рд┐рдЦреЛрдВ рдХреЗ рдЦреВрди рд╕реЗ рд░рдВрдЧреЗ рд╣реИ рд╡реЛ рдЖрдЬ #рд╕рд┐рдЦреЛрдВ рдХрд╛ рджрд░реНрдж рдкреВрдЫ рд░рд╣реЗ рд╣реИ 

рдХрд╛рд╢ #рдХрд╢реНрдореАрд░реА_рд╣рд┐рдиреНрджреБрдУрдВ рдФрд░ #рдкрд╛рд▓рдШрд░ рдХреЗ #рд╕рд╛рдзреБрдУ рдХреЗ рд▓рд┐рдП рдпреЗ рдмрдВрдЯреА рдмрдмрд▓реА рдХреЗ рджрд░реНрдж рд╣реБрдЖ рд╣реЛрддрд╛??
рдирд╣реА рдХреНрдпреЛрдВрдХрд┐ рдЙрдирдХреЛ рдирдлрд░рдд рдХреЗрд╡рд▓ #рд╣рд┐рдиреНрджреБрдУрдВ рд╕реЗ рд╣реИ
#рд▓рдЦреАрдордкреБрд░_рдореЗрдВ_рд░рд╛рдЬрдиреИрддрд┐рдХ_рдЧрд┐рджреНрдз https://t.co/RSAI88BcQr",['рд╕рд┐рдЦреЛрдВ']
15,Akash_9858,@Member #BJP A big Supporter of #BJP @NAMO @PM @HM @DM karyakarta @bjp A Huge fan of @NarendraModiji n @AmitShahji n @RajNathSinghji n works 4 #BJP_CHD,"Chandigarh, India",3476,28928,495349,627,"VVIP politicians at Airport!

#рд▓рдЦреАрдордкреБрд░_рдореЗрдВ_рд░рд╛рдЬрдиреИрддрд┐рдХ_рдЧрд┐рджреНрдз https://t.co/nuXbTWGja8",['рд▓рдЦреАрдордкреБрд░_рдореЗрдВ_рд░рд╛рдЬрдиреИрддрд┐рдХ_рдЧрд┐рджреНрдз']
16,wingcdrsharma,BJP Legal Cell .Mandal 3 of Mohali. Advocate Punjab and Haryana High Court. NIT Kurukshetra . Delhi University LL.B . IIM Lucknow. Retired Wing Commander IAF,"Mohali, India",4192,159,19432,2,"рдореБрдВрд╣ рдореЗрдВ рджрд╣реАрдВ рдЬрдорд╛ рдХрд╣рд╛рдВ рдЫреБрдкреЗ рдмреИрдареЗ рд╣реЛ рдЬрдирд╛рдм ??
@priyankagandhi
@RahulGandhi
рджреЗрд╢ рдХреА рдЬрдирддрд╛ рдорд╛рдВрдЧ рд░рд╣реА рд╣реИ рдЬрд╡рд╛рдм !!
#PriyankaGandhi #рд▓рдЦреАрдордкреБрд░_рдореЗрдВ_рд░рд╛рдЬрдиреИрддрд┐рдХ_рдЧрд┐рджреНрдз #SindhuBorder рд╕рд┐рдВрдзреБ рдмреЙрд░реНрдбрд░ https://t.co/MNhFRYGg0A",['PriyankaGandhi']
17,wingcdrsharma,BJP Legal Cell .Mandal 3 of Mohali. Advocate Punjab and Haryana High Court. NIT Kurukshetra . Delhi University LL.B . IIM Lucknow. Retired Wing Commander IAF,"Mohali, India",4192,159,19432,3,"рдлреЛрдЯреЛ рдЦреАрдВрдЪрдирд╛ рдордирд╛ рд╣реИ, рд▓реЗрдХрд┐рди рдмрд┐рдирд╛ рдлреЛрдЯреЛ рд▓рд┐рдП рдордВрджрд┐рд░ рдЖрдирд╛ рд╕рдлрд▓ рдереЛрдбрд╝реЗ рд╣реА рд╣реЛрдЧрд╛, рдмрд┐рдирд╛ рдлреЛрдЯреЛ рд╡реЛрдЯ рдХреИрд╕реЗ рдорд╛рдВрдЧреЗрдВрдЧреЗ?
@priyankagandhi #рд▓рдЦреАрдордкреБрд░_рдореЗрдВ_рд░рд╛рдЬрдиреИрддрд┐рдХ_рдЧрд┐рджреНрдз https://t.co/8vJ32ytxbV",[]
18,wingcdrsharma,BJP Legal Cell .Mandal 3 of Mohali. Advocate Punjab and Haryana High Court. NIT Kurukshetra . Delhi University LL.B . IIM Lucknow. Retired Wing Commander IAF,"Mohali, India",4192,159,19432,3,"рд╣рд╛рдерд░рд╕ рдкрд░ рдмрд╣реБрдд рдмреЛрд▓ рд░рд╣реА рдереА рдкрд┐рдВрдХреА, рдЗрд╕ рджрд▓рд┐рдд рдХрд╛ рдбреАрдЬрд▓ рд╕реЗ рдЕрдВрддрд┐рдо рд╕рдВрд╕реНрдХрд╛рд░ рдХрд░ рджрд┐рдпрд╛ рдЧрдпрд╛, рдПрдХ рд╢рдмреНрдж рдирд╣реАрдВ рдирд┐рдХрд▓реЗрдЧрд╛!
#рд▓рдЦреАрдордкреБрд░_рдореЗрдВ_рд░рд╛рдЬрдиреИрддрд┐рдХ_рдЧрд┐рджреНрдз рд╕рд┐рдВрдзреБ рдмреЙрд░реНрдбрд░ рдХреЗ рдЕрдорд╛рдирд╡реАрдп рдШрдЯрдирд╛рдХреНрд░рдо рдкрд░ рдЪреБрдк рдХреНрдпреЛрдВ рд╣реИрдВ??
@priyankagandhi @RahulGandhi @sherryontopp @CHARANJITCHANNI @INCIndia @INCPunjab https://t.co/CV5kb1rAiu",[]
19,letsSee06138401,,,0,1,893,2,"рдореБрдВрд╣ рдореЗрдВ рджрд╣реАрдВ рдЬрдорд╛ рдХрд╣рд╛рдВ рдЫреБрдкреЗ рдмреИрдареЗ рд╣реЛ рдЬрдирд╛рдм ??
@priyankagandhi
@RahulGandhi
рджреЗрд╢ рдХреА рдЬрдирддрд╛ рдорд╛рдВрдЧ рд░рд╣реА рд╣реИ рдЬрд╡рд╛рдм !!
#PriyankaGandhi #рд▓рдЦреАрдордкреБрд░_рдореЗрдВ_рд░рд╛рдЬрдиреИрддрд┐рдХ_рдЧрд┐рджреНрдз #SindhuBorder рд╕рд┐рдВрдзреБ рдмреЙрд░реНрдбрд░ https://t.co/MNhFRYGg0A",['PriyankaGandhi']
20,iJaswal4India,Nationalist || Ram Bhakt || State Social Media In-charge @BJP4Chandigarh || Ex- State IT In-charge @BJYMinCH || Farmer || Sagittarius,"Chandigarh, India",271,842,88026,3,"рд╣рд╛рдерд░рд╕ рдкрд░ рдмрд╣реБрдд рдмреЛрд▓ рд░рд╣реА рдереА рдкрд┐рдВрдХреА, рдЗрд╕ рджрд▓рд┐рдд рдХрд╛ рдбреАрдЬрд▓ рд╕реЗ рдЕрдВрддрд┐рдо рд╕рдВрд╕реНрдХрд╛рд░ рдХрд░ рджрд┐рдпрд╛ рдЧрдпрд╛, рдПрдХ рд╢рдмреНрдж рдирд╣реАрдВ рдирд┐рдХрд▓реЗрдЧрд╛!
#рд▓рдЦреАрдордкреБрд░_рдореЗрдВ_рд░рд╛рдЬрдиреИрддрд┐рдХ_рдЧрд┐рджреНрдз рд╕рд┐рдВрдзреБ рдмреЙрд░реНрдбрд░ рдХреЗ рдЕрдорд╛рдирд╡реАрдп рдШрдЯрдирд╛рдХреНрд░рдо рдкрд░ рдЪреБрдк рдХреНрдпреЛрдВ рд╣реИрдВ??
@priyankagandhi @RahulGandhi @sherryontopp @CHARANJITCHANNI @INCIndia @INCPunjab https://t.co/CV5kb1rAiu",['рд▓рдЦреАрдордкреБрд░_рдореЗрдВ_рд░рд╛рдЬрдиреИрддрд┐рдХ_рдЧрд┐рджреНрдз']
21,iJaswal4India,Nationalist || Ram Bhakt || State Social Media In-charge @BJP4Chandigarh || Ex- State IT In-charge @BJYMinCH || Farmer || Sagittarius,"Chandigarh, India",271,842,88026,3,"рдлреЛрдЯреЛ рдЦреАрдВрдЪрдирд╛ рдордирд╛ рд╣реИ, рд▓реЗрдХрд┐рди рдмрд┐рдирд╛ рдлреЛрдЯреЛ рд▓рд┐рдП рдордВрджрд┐рд░ рдЖрдирд╛ рд╕рдлрд▓ рдереЛрдбрд╝реЗ рд╣реА рд╣реЛрдЧрд╛, рдмрд┐рдирд╛ рдлреЛрдЯреЛ рд╡реЛрдЯ рдХреИрд╕реЗ рдорд╛рдВрдЧреЗрдВрдЧреЗ?
@priyankagandhi #рд▓рдЦреАрдордкреБрд░_рдореЗрдВ_рд░рд╛рдЬрдиреИрддрд┐рдХ_рдЧрд┐рджреНрдз https://t.co/8vJ32ytxbV",['рд▓рдЦреАрдордкреБрд░_рдореЗрдВ_рд░рд╛рдЬрдиреИрддрд┐рдХ_рдЧрд┐рджреНрдз']
22,iJaswal4India,Nationalist || Ram Bhakt || State Social Media In-charge @BJP4Chandigarh || Ex- State IT In-charge @BJYMinCH || Farmer || Sagittarius,"Chandigarh, India",271,842,88026,2,"рдореБрдВрд╣ рдореЗрдВ рджрд╣реАрдВ рдЬрдорд╛ рдХрд╣рд╛рдВ рдЫреБрдкреЗ рдмреИрдареЗ рд╣реЛ рдЬрдирд╛рдм ??
@priyankagandhi
@RahulGandhi
рджреЗрд╢ рдХреА рдЬрдирддрд╛ рдорд╛рдВрдЧ рд░рд╣реА рд╣реИ рдЬрд╡рд╛рдм !!
#PriyankaGandhi #рд▓рдЦреАрдордкреБрд░_рдореЗрдВ_рд░рд╛рдЬрдиреИрддрд┐рдХ_рдЧрд┐рджреНрдз #SindhuBorder рд╕рд┐рдВрдзреБ рдмреЙрд░реНрдбрд░ https://t.co/MNhFRYGg0A","['PriyankaGandhi', 'рд▓рдЦреАрдордкреБрд░_рдореЗрдВ_рд░рд╛рдЬрдиреИрддрд┐рдХ_рдЧрд┐рджреНрдз', 'SindhuBorder']"
23,DwivediMadan,,,4873,3510,176525,7,"рд▓рдЧрднрдЧ рд╕рднреА рд╡рд┐рдкрдХреНрд╖реА рдкрд╛рд░реНрдЯрд┐рдпреЛрдВ рдЕрдкрдиреЗ рд░рд╛рдЬрдиреИрддрд┐рдХ рд╕реНрд╡рд╛рд░реНрде рдХреЗ рд▓рд┐рдП рд▓рдЦреАрдордкреБрд░ рдкрд╣реБрдВрдЪ рд░рд╣реА рд╣реИрдВ рдЙрдирдХрд╛ рд▓рдЦреАрдордкреБрд░ рдЦреАрд░реА рдореЗрдВ рдорд╛рд░реЗ рдЧрдП рд▓реЛрдЧреЛрдВ рд╕реЗ рдХреЛрдИ рд▓реЗрдирд╛-рджреЗрдирд╛ рдирд╣реАрдВ,
рд╕рд┐рд░реНрдл рдЕрдкрдиреА рд░рд╛рдЬрдиреАрддрд┐ рдЪрдордХрд╛рдирд╛ рд╣реИред
#рд▓рдЦреАрдордкреБрд░_рдореЗрдВ_рд░рд╛рдЬрдиреИрддрд┐рдХ_рдЧрд┐рджреНрдз https://t.co/xnth66DvcT",[]
24,MANJITSINGHARYA,Young Leader Aam Aadmi Party,haryana (india),1815,1198,35006,7,"рд▓рдЧрднрдЧ рд╕рднреА рд╡рд┐рдкрдХреНрд╖реА рдкрд╛рд░реНрдЯрд┐рдпреЛрдВ рдЕрдкрдиреЗ рд░рд╛рдЬрдиреИрддрд┐рдХ рд╕реНрд╡рд╛рд░реНрде рдХреЗ рд▓рд┐рдП рд▓рдЦреАрдордкреБрд░ рдкрд╣реБрдВрдЪ рд░рд╣реА рд╣реИрдВ рдЙрдирдХрд╛ рд▓рдЦреАрдордкреБрд░ рдЦреАрд░реА рдореЗрдВ рдорд╛рд░реЗ рдЧрдП рд▓реЛрдЧреЛрдВ рд╕реЗ рдХреЛрдИ рд▓реЗрдирд╛-рджреЗрдирд╛ рдирд╣реАрдВ,
рд╕рд┐рд░реНрдл рдЕрдкрдиреА рд░рд╛рдЬрдиреАрддрд┐ рдЪрдордХрд╛рдирд╛ рд╣реИред
#рд▓рдЦреАрдордкреБрд░_рдореЗрдВ_рд░рд╛рдЬрдиреИрддрд┐рдХ_рдЧрд┐рджреНрдз https://t.co/xnth66DvcT",[]
25,Vk20202020,1993,"Indore, India",1031,216,1828,7,"рд▓рдЧрднрдЧ рд╕рднреА рд╡рд┐рдкрдХреНрд╖реА рдкрд╛рд░реНрдЯрд┐рдпреЛрдВ рдЕрдкрдиреЗ рд░рд╛рдЬрдиреИрддрд┐рдХ рд╕реНрд╡рд╛рд░реНрде рдХреЗ рд▓рд┐рдП рд▓рдЦреАрдордкреБрд░ рдкрд╣реБрдВрдЪ рд░рд╣реА рд╣реИрдВ рдЙрдирдХрд╛ рд▓рдЦреАрдордкреБрд░ рдЦреАрд░реА рдореЗрдВ рдорд╛рд░реЗ рдЧрдП рд▓реЛрдЧреЛрдВ рд╕реЗ рдХреЛрдИ рд▓реЗрдирд╛-рджреЗрдирд╛ рдирд╣реАрдВ,
рд╕рд┐рд░реНрдл рдЕрдкрдиреА рд░рд╛рдЬрдиреАрддрд┐ рдЪрдордХрд╛рдирд╛ рд╣реИред
#рд▓рдЦреАрдордкреБрд░_рдореЗрдВ_рд░рд╛рдЬрдиреИрддрд┐рдХ_рдЧрд┐рджреНрдз https://t.co/xnth66DvcT",[]
26,nabhawala,"рдЬрдм рддрдХ рдЦреВрди рдореЗрдВ рд╣рд▓рдЪрд▓ рд╣реИрдВ, рддрд┐рдВрд░рдЧрд╛ рдЭреБрдХ рдирд╣реАрдВ рд╕рдХрддрд╛ !
рд╡рдВрджреЗрдорд╛рддрд░рдо,рдЬрдп рд╣рд┐рдВрдиреНрдж,рднрд╛рд░рдд рдорд╛рддрд╛ рдХреА рдЬрдп ред","Jaipur, India",434,279,21653,7,"рд▓рдЧрднрдЧ рд╕рднреА рд╡рд┐рдкрдХреНрд╖реА рдкрд╛рд░реНрдЯрд┐рдпреЛрдВ рдЕрдкрдиреЗ рд░рд╛рдЬрдиреИрддрд┐рдХ рд╕реНрд╡рд╛рд░реНрде рдХреЗ рд▓рд┐рдП рд▓рдЦреАрдордкреБрд░ рдкрд╣реБрдВрдЪ рд░рд╣реА рд╣реИрдВ рдЙрдирдХрд╛ рд▓рдЦреАрдордкреБрд░ рдЦреАрд░реА рдореЗрдВ рдорд╛рд░реЗ рдЧрдП рд▓реЛрдЧреЛрдВ рд╕реЗ рдХреЛрдИ рд▓реЗрдирд╛-рджреЗрдирд╛ рдирд╣реАрдВ,
рд╕рд┐рд░реНрдл рдЕрдкрдиреА рд░рд╛рдЬрдиреАрддрд┐ рдЪрдордХрд╛рдирд╛ рд╣реИред
#рд▓рдЦреАрдордкреБрд░_рдореЗрдВ_рд░рд╛рдЬрдиреИрддрд┐рдХ_рдЧрд┐рджреНрдз https://t.co/xnth66DvcT",[]
27,SSunnynishad,"рд░рд╛рд╖реНрдЯреНрд░рд╣рд┐рдд , рд╕рдорд╛рдЬрд╣рд┐рдд рдФрд░ рдзрд░реНрдорд╣рд┐рдд рдХрд┐ рдмрд╛рддреЛ рдХреЛ рдкреНрд░рдореБрдЦрддрд╛ рд╕реЗ рдЙрдард╛рдиреЗ рд╡рд╛рд▓рд╛ рд░рд╛рд╖реНрдЯреНрд░рд╡рд╛рджреА рд╣рд┐рдВрджреВред","Bhandup West, Mumbai",5001,767,113409,7,"рд▓рдЧрднрдЧ рд╕рднреА рд╡рд┐рдкрдХреНрд╖реА рдкрд╛рд░реНрдЯрд┐рдпреЛрдВ рдЕрдкрдиреЗ рд░рд╛рдЬрдиреИрддрд┐рдХ рд╕реНрд╡рд╛рд░реНрде рдХреЗ рд▓рд┐рдП рд▓рдЦреАрдордкреБрд░ рдкрд╣реБрдВрдЪ рд░рд╣реА рд╣реИрдВ рдЙрдирдХрд╛ рд▓рдЦреАрдордкреБрд░ рдЦреАрд░реА рдореЗрдВ рдорд╛рд░реЗ рдЧрдП рд▓реЛрдЧреЛрдВ рд╕реЗ рдХреЛрдИ рд▓реЗрдирд╛-рджреЗрдирд╛ рдирд╣реАрдВ,
рд╕рд┐рд░реНрдл рдЕрдкрдиреА рд░рд╛рдЬрдиреАрддрд┐ рдЪрдордХрд╛рдирд╛ рд╣реИред
#рд▓рдЦреАрдордкреБрд░_рдореЗрдВ_рд░рд╛рдЬрдиреИрддрд┐рдХ_рдЧрд┐рджреНрдз https://t.co/xnth66DvcT",[]
28,M1008P,реЫрд┐рдиреНрджрдЧреА...ЁЯО╡  рдХреИрд╕реА рд╣реИ рдкрд╣реЗрд▓реА рд╣рд╛рдП...ЁЯО╢  рдХрднреА рддреЛ рд╣рдБрд╕рд╛рдпреЗ...ЁЯО╝  рдХрднреА рдпреЗ рд░реБрд▓рд╛рдпреЗ...ЁЯО╡  реЫрд┐рдВрджрдЧреА...!!ЁЯО╣ ЁЯО╕ ЁЯеБ ЁЯО║ ЁЯО╖ЁЯО╡ЁЯО╢ЁЯО╝ЁЯО╢ЁЯО╡ЁЯО╝ЁЯО╣,India,117375,133342,185706,7,"рд▓рдЧрднрдЧ рд╕рднреА рд╡рд┐рдкрдХреНрд╖реА рдкрд╛рд░реНрдЯрд┐рдпреЛрдВ рдЕрдкрдиреЗ рд░рд╛рдЬрдиреИрддрд┐рдХ рд╕реНрд╡рд╛рд░реНрде рдХреЗ рд▓рд┐рдП рд▓рдЦреАрдордкреБрд░ рдкрд╣реБрдВрдЪ рд░рд╣реА рд╣реИрдВ рдЙрдирдХрд╛ рд▓рдЦреАрдордкреБрд░ рдЦреАрд░реА рдореЗрдВ рдорд╛рд░реЗ рдЧрдП рд▓реЛрдЧреЛрдВ рд╕реЗ рдХреЛрдИ рд▓реЗрдирд╛-рджреЗрдирд╛ рдирд╣реАрдВ,
рд╕рд┐рд░реНрдл рдЕрдкрдиреА рд░рд╛рдЬрдиреАрддрд┐ рдЪрдордХрд╛рдирд╛ рд╣реИред
#рд▓рдЦреАрдордкреБрд░_рдореЗрдВ_рд░рд╛рдЬрдиреИрддрд┐рдХ_рдЧрд┐рджреНрдз https://t.co/xnth66DvcT",[]
29,Dharmen28456708,,,6,6,1393,441,рдореЗрд░реЗ рд╕рд╛рде рд╕рднреА рд░рд╛рд╖реНрдЯреНрд░рд╡рд╛рджреА рд▓рд┐рдЦреЗрдВ #рд▓рдЦреАрдордкреБрд░_рдореЗрдВ_рд░рд╛рдЬрдиреИрддрд┐рдХ_рдЧрд┐рджреНрдз,['рд▓рдЦреАрдордкреБрд░_рдореЗрдВ_рд░рд╛рдЬрдиреИрддрд┐рдХ_рдЧрд┐рджреНрдз']
30,SinggAzad,,"рдЧрд╛рдорд╛, Greater Noida",390,329,9623,19,"рдмрд┐рдЧ рдмреНрд░реЗрдХрд┐рдВрдЧ
рдХреЗрдВрджреНрд░реАрдп рдЧреГрд╣рд░рд╛рдЬреНрдп рдордВрддреНрд░реА рдЯреЗрдиреА рдХрд╛ рдкреБрддреНрд░ рдЖрд╢реАрд╖ рдорд┐рд╢реНрд░рд╛ рдХрд┐рд╕рд╛рдиреЛрдВ рдХреА рд╣рддреНрдпрд╛ рдХреЗ рдЕрдкрд░рд╛рдз рдореЗрдВ рдЧрд┐рд░рдлреНрддрд╛рд░
#рд▓рдЦреАрдордкреБрд░_рдореЗрдВ_рд░рд╛рдЬрдиреИрддрд┐рдХ_рдЧрд┐рджреНрдз 
#рдХрд┐рд╕рд╛рди_рд╣рддреНрдпрд╛рд░реА_рднрд╛рдЬрдкрд╛",[]
31,AdityaT19072923,"рдЕрдзрд░реНрдо рдХрд╛ рдирд╛рд╢ рд╣реЛ, рдзрд░реНрдо рдХреА рдЬрдп рд╣реЛ. рдкреНрд░рд╛рдгрд┐рдпреЛрдВ рдореЗ рд╕рджрднрд╛рд╡рдирд╛ рд╣реЛ, рд╡рд┐рд╢реНрд╡ рдХрд╛ рдХрд▓реНрдпрд╛рдг рд╣реЛ. рд╕рдирд╛рддрди рдзрд░реНрдо рдХреА рдЬрдп рд╣реЛ,рд╣рд░ рд╣рд░ рдорд╣рд╛рджреЗрд╡.",Noida ,55,35,1318,7,"#more #Facts #Lakhimpur #LakhimpurKheriViolence #рд▓рдЦреАрдордкреБрд░_рдореЗрдВ_рд░рд╛рдЬрдиреИрддрд┐рдХ_рдЧрд┐рджреНрдз #рд▓рдЦреАрдордкреБрд░_рдЦреАрд░реА @ndtv @priyankagandhi @RahulGandhi @samajwadi @INCIndia #reporters  #Noida #Delhi 
#SainikViharMandal 
#рд╕реИрдирд┐рдХрд╡рд┐рд╣рд╛рд░рдордВрдбрд▓ 
#BJPNOIDAITTEAM 
#BJPnoidaIT 
#BJP4UP 
#BJP4IND 
#SupremeCourtOfIndia https://t.co/S3u3uEkotb","['more', 'Facts', 'Lakhimpur', 'LakhimpurKheriViolence', 'рд▓рдЦреАрдордкреБрд░_рдореЗрдВ_рд░рд╛рдЬрдиреИрддрд┐рдХ_рдЧрд┐рджреНрдз', 'рд▓рдЦреАрдордкреБрд░_рдЦреАрд░реА']"
32,Soniya82525569,"Artist/Entertainer/Foodie
Mx taka tak id - soniyabhardwaj1
Instagram id soniyabhardwaj",,19,0,15,5,"рддрдереНрдп рдЖрдзрд╛рд░рд┐рдд рдЙрддреНрддрд░/рдЯрд┐рдкреНрдкрдгреА рдХреА рдЙрдореНрдореАрдж !
 @MamataOfficial @bhupeshbaghel @RakeshTikaitBKU @CHARANJITCHANNI

#рд▓рдЦреАрдордкреБрд░_рдореЗрдВ_рд░рд╛рдЬрдиреИрддрд┐рдХ_рдЧрд┐рджреНрдз #ArrestMurderer_MonuMishra #рд╕рдЪрд┐рди_рдкрд╛рдпрд▓рдЯ #Nawab_Malik #Palghar  #RelianceJio #kawardha #GhaniFirstPunch #Kashmir #HumDoHamareDo #chattisgarh https://t.co/N6q3ML07Ui",[]
33,haleemK30537141,King khan,,1,0,3,1,"рд▓рдЦреАрдордкреБрд░ рдЦреАрд░реА рдХреЗ рдмрд╛рдж рдЕрдм рдирд╛рд░рд╛рдпрдгрдЧрдврд╝ рдореЗрдВ рдкреБрдирд░рд╛рд╡реГрддреНрддрд┐...  рд╕рдВрдпреЛрдЧ рд╣реИ рдпрд╛ рдкреНрд░рдпреЛрдЧ ? 
#рд▓рдЦреАрдордкреБрд░_рдореЗрдВ_рд░рд╛рдЬрдиреИрддрд┐рдХ_рдЧрд┐рджреНрдз 
#рд▓рдЦреАрдордкреБрд░_рдХрд┐рд╕рд╛рди_рдирд░рд╕рдВрд╣рд╛рд░ 
#рдирд╛рд░рд╛рдпрдгрдЧрдврд╝ 
#BJP_KillerOfFarmers 
#KisanAndolan https://t.co/JJjnf21fJy",['рд▓рдЦреАрдордкреБрд░_рдореЗрдВ_рд░рд╛рдЬрдиреИрддрд┐рдХ_рдЧрд┐рджреНрдз']
34,NagendraNathM16,,,547,156,5702,27,"Say loudly

#рд▓рдЦреАрдордкреБрд░_рдореЗрдВ_рд░рд╛рдЬрдиреИрддрд┐рдХ_рдЧрд┐рджреНрдз 
#рд▓рдЦреАрдордкреБрд░_рдореЗрдВ_рд░рд╛рдЬрдиреИрддрд┐рдХ_рдЧрд┐рджреНрдз

@YogiDevnath2 #рд▓рдЦреАрдордкреБрд░_рдореЗрдВ_рд░рд╛рдЬрдиреИрддрд┐рдХ_рдЧрд┐рджреНрдз https://t.co/LqcNYaStNY","['рд▓рдЦреАрдордкреБрд░_рдореЗрдВ_рд░рд╛рдЬрдиреИрддрд┐рдХ_рдЧрд┐рджреНрдз', 'рд▓рдЦреАрдордкреБрд░_рдореЗрдВ_рд░рд╛рдЬрдиреИрддрд┐рдХ_рдЧрд┐рджреНрдз', 'рд▓рдЦреАрдордкреБрд░_рдореЗрдВ_рд░рд╛рдЬрдиреИрддрд┐рдХ_рдЧрд┐рджреНрдз']"
35,YogeshK31583716,hardworking a sweet fruit ЁЯНС of happily life,,2179,1852,37435,27,"Say loudly

#рд▓рдЦреАрдордкреБрд░_рдореЗрдВ_рд░рд╛рдЬрдиреИрддрд┐рдХ_рдЧрд┐рджреНрдз 
#рд▓рдЦреАрдордкреБрд░_рдореЗрдВ_рд░рд╛рдЬрдиреИрддрд┐рдХ_рдЧрд┐рджреНрдз

@YogiDevnath2 #рд▓рдЦреАрдордкреБрд░_рдореЗрдВ_рд░рд╛рдЬрдиреИрддрд┐рдХ_рдЧрд┐рджреНрдз https://t.co/LqcNYaStNY","['рд▓рдЦреАрдордкреБрд░_рдореЗрдВ_рд░рд╛рдЬрдиреИрддрд┐рдХ_рдЧрд┐рджреНрдз', 'рд▓рдЦреАрдордкреБрд░_рдореЗрдВ_рд░рд╛рдЬрдиреИрддрд┐рдХ_рдЧрд┐рджреНрдз', 'рд▓рдЦреАрдордкреБрд░_рдореЗрдВ_рд░рд╛рдЬрдиреИрддрд┐рдХ_рдЧрд┐рджреНрдз']"
36,YogeshK31583716,hardworking a sweet fruit ЁЯНС of happily life,,2179,1852,37435,34,"рд▓рдЦреАрдордкреБрд░ рдЬрд╛рдиреЗ рд╡рд╛рд▓реЗ рдЧрд┐рджреНрдз.. рдХрд╡рд░реНрдзрд╛ (рдХрдмреАрд░рдзрд╛рдо)  рдЫрддреНрддреАрд╕рдЧрдврд╝ рднреА рдЬрд╛рдпреЗрдЧреЗрдВ)?
рдирд╣реА.... 
рдХреНрдпреЛрдВ.. ?
рдХреНрдпреЛрдВрдХрд┐ рд╡рд╣рд╛рдВ рдЕрднреА рдХреЛрдИ рд▓рд╛рд╢ рдирд╣реА рдЧрд┐рд░реА.. 
рдФрд░ рдЧрд┐рджреНрдзреЛрдВ рдХреЛ рд▓рд╛рд╢ рдЪрд╛рд╣рд┐рдП.. 

#рд▓рдЦреАрдордкреБрд░_рдореЗрдВ_рд░рд╛рдЬрдиреИрддрд┐рдХ_рдЧрд┐рджреНрдз https://t.co/cbexV5usLo
#рд▓рдЦреАрдордкреБрд░_рдореЗрдВ_рд░рд╛рдЬрдиреИрддрд┐рдХ_рдЧрд┐рджреНрдз
@YogiDevnath2 @beingarun28",[]
37,vagsinghpurohit,ЁЯЩП рд╣рд░ рд╣рд░ рдорд╣рд╛рджреЗрд╡ @narendramodi рдЬреА рдФрд░ @RSSorg @myogiadityanath рдЬреА рдХреЛ рдлреЙрд▓реЛ рдХрд░рддреЗ рд╣реИ рд╣рдо #рдЬрдп_рд╢реНрд░реАрд░рд╛рдо ЁЯЩП рдмреАрдЬреЗрдкреА рдкреНрд░рд╡рдХреНрддрд╛ @VHPDigital @vikramsingh2056,jalore india рднрд╛рд░рдд,2407,3780,97507,1,"#рд░рд╛рдХреЗрд╢_рдЯрд┐рдХреЗрдЯ рдЬреИрд╕рд╛ рдЪрд╛рдЯреБрдХрд╛рд░ рдХрд╣реА рдирд╣реА рджреЗрдЦрд╛ рд▓рдЦреАрдордкреБрд░ рдореЗрдВ рдорд░рдиреЗ рд╡рд╛рд▓реЛ рдХреЛ рдореЗрдВ рдХрд┐рд╕рд╛рди рдирд╣реА рдорд╛рдирддрд╛ рдЬреИрд╕реА рдХрд░рдиреА рд╡реИрд╕реА рднрд░рдгреА
#рд▓рдЦреАрдордкреБрд░_рдореЗрдВ_рд░рд╛рдЬрдиреИрддрд┐рдХ_рдЧрд┐рджреНрдз 
@RahulGandhi 
@priyankagandhi",['рд░рд╛рдХреЗрд╢_рдЯрд┐рдХреЗрдЯ']
38,Ankitaulakh,,"New Delhi, India",29,5,75,204,"рд╕рд┐рд░реНрдл рдирд╛рдХ рд╣реА рдЧрд┐рджреНрдз рдЬрд╕реАреИ рдирд╣реАрдВ рд╣реИ рдмрд▓реНрдХрд┐ рдорди рднреА рдЧрд┐рджреНрдз рдЬреИрд╕реА рд╣реИ l 
Guess whom ? 

#рд▓рдЦреАрдордкреБрд░_рдореЗрдВ_рд░рд╛рдЬрдиреИрддрд┐рдХ_рдЧрд┐рджреНрдз https://t.co/eHYPL904FK",['рд▓рдЦреАрдордкреБрд░_рдореЗрдВ_рд░рд╛рдЬрдиреИрддрд┐рдХ_рдЧрд┐рджреНрдз']
39,R_P_SinghBJP,"*рдбрд┐рдЧреНрд░рд┐рдпрд╛рдБ рддреЛ рд╢реИрдХреНрд╖рд┐рдХ реЩрд░реНрдЪреЛрдВ рдХреА рд░рд╕реАрджреЗрдВ рдорд╛рддреНрд░ рд╣реИрдВ,*
*рд╡рд╛рд╕реНрддрд╡рд┐рдХ рд╢рд┐рдХреНрд╖рд╛ рддреЛ рд╡рд╣реА рд╣реИ,*рдЬреЛ 
*рдЖрдЪрд░рдг рд╕реЗ рдЭрд▓рдХрддреА рд╣реИредред*( IT CELL& S.M)
*https://t.co/Wulhz9YJ0W (Ag)*University of Allahabad","Raipur, Chhattisgarh ,India",6474,6328,2278,42,"рдкрд╛рд▓рдШрд░ рдореЗрдВ рдорд╛рд░реЗ рдЧрдП 2 рд╕рд╛рдзреБрдУрдВ рдХреЛ рджреЗрдЦрдиреЗ рдХреЛрдИ рд╡рд┐рдкрдХреНрд╖реА рдирд╣реАрдВ рдЧрдпрд╛ рдФрд░ рд▓рдЦреАрдордкреБрд░ рдореЗрдВ рдорд╛рд╣реМрд▓ рдЦрд░рд╛рдм рдХрд░рдиреЗ рдХреЗ рд▓рд┐рдП рд╕рдм рдмрд┐рд▓рдмрд┐рд▓рд╛ рд░рд╣реЗ рд╣реИрдВ?

рд░рд╛рдЬрдиреИрддрд┐рдХ рдЧрд┐рджреНрдз рдЪрд╛рд╣реЗ рдХрд┐рддрдиреЗ рднреА рд╖рдбрдпрдВрддреНрд░ рд░рдЪ рд▓реЗ рд▓реЗрдХрд┐рди
2022 рдореЗ рдЖрдПрдВрдЧреЗ рддреЛ рдпреЛрдЧреА рдЬреА рд╣реА...

#рд▓рдЦреАрдордкреБрд░_рдореЗрдВ_рд░рд╛рдЬрдиреИрддрд┐рдХ_рдЧрд┐рджреНрдз 

@AAOLion @Hb_o12
@PSSS0005 @psisodiya7 @R_P_SinghBJP https://t.co/VXcHCmZGHn",[]
40,Vx5P5Po3sEw4cKB,"Psychologist
    рдЬрдп рд╕рдирд╛рддрди
       ЁЯЩПЁЯЗоЁЯЗ│ЁЯЩП",,812,640,6247,42,"рдкрд╛рд▓рдШрд░ рдореЗрдВ рдорд╛рд░реЗ рдЧрдП 2 рд╕рд╛рдзреБрдУрдВ рдХреЛ рджреЗрдЦрдиреЗ рдХреЛрдИ рд╡рд┐рдкрдХреНрд╖реА рдирд╣реАрдВ рдЧрдпрд╛ рдФрд░ рд▓рдЦреАрдордкреБрд░ рдореЗрдВ рдорд╛рд╣реМрд▓ рдЦрд░рд╛рдм рдХрд░рдиреЗ рдХреЗ рд▓рд┐рдП рд╕рдм рдмрд┐рд▓рдмрд┐рд▓рд╛ рд░рд╣реЗ рд╣реИрдВ?

рд░рд╛рдЬрдиреИрддрд┐рдХ рдЧрд┐рджреНрдз рдЪрд╛рд╣реЗ рдХрд┐рддрдиреЗ рднреА рд╖рдбрдпрдВрддреНрд░ рд░рдЪ рд▓реЗ рд▓реЗрдХрд┐рди
2022 рдореЗ рдЖрдПрдВрдЧреЗ рддреЛ рдпреЛрдЧреА рдЬреА рд╣реА...

#рд▓рдЦреАрдордкреБрд░_рдореЗрдВ_рд░рд╛рдЬрдиреИрддрд┐рдХ_рдЧрд┐рджреНрдз 

@AAOLion @Hb_o12
@PSSS0005 @psisodiya7 @R_P_SinghBJP https://t.co/VXcHCmZGHn",[]
41,anilrajbhar2,"I love nature and plant science,  spreading knowledge about nature conservation. Nature photography is one the passion. 
National interest above all.",mumbai,990,1413,118646,316,"рдореЗрд░реЗ рд╕рд╛рде рд▓рд┐рдЦреЛ ЁЯЪй

I TRUST YOGI JI ЁЯЪй

#рд▓рдЦреАрдордкреБрд░_рдореЗрдВ_рд░рд╛рдЬрдиреИрддрд┐рдХ_рдЧрд┐рджреНрдз",['рд▓рдЦреАрдордкреБрд░_рдореЗрдВ_рд░рд╛рдЬрдиреИрддрд┐рдХ_рдЧрд┐рджреНрдз']
42,_old_delhi__,"DM рдореЗрдВ AC рдХреА рд╕реБрд╡рд┐рдзрд╛ рдирд╣реАрдВ рд╣реИ, рди рд╣реА рдХреЛрдИ рдХрд┐рдЪрди,рдмрд╛рдерд░реБрдо,рдмреИрдб рд░реБрдо,рдбреНрд░рд╛рдЗрдВрдЧ рд░реБрдо рдХреА рд╡реНрдпрд╡рд╕реНрдерд╛ рд╣реИ..... 
рдореЗрд░реЗ #TW #Likes рдореЗрдВ рдорд┐рд▓реЗрдЧреЗ",,307,9808,439003,42,"рдкрд╛рд▓рдШрд░ рдореЗрдВ рдорд╛рд░реЗ рдЧрдП 2 рд╕рд╛рдзреБрдУрдВ рдХреЛ рджреЗрдЦрдиреЗ рдХреЛрдИ рд╡рд┐рдкрдХреНрд╖реА рдирд╣реАрдВ рдЧрдпрд╛ рдФрд░ рд▓рдЦреАрдордкреБрд░ рдореЗрдВ рдорд╛рд╣реМрд▓ рдЦрд░рд╛рдм рдХрд░рдиреЗ рдХреЗ рд▓рд┐рдП рд╕рдм рдмрд┐рд▓рдмрд┐рд▓рд╛ рд░рд╣реЗ рд╣реИрдВ?

рд░рд╛рдЬрдиреИрддрд┐рдХ рдЧрд┐рджреНрдз рдЪрд╛рд╣реЗ рдХрд┐рддрдиреЗ рднреА рд╖рдбрдпрдВрддреНрд░ рд░рдЪ рд▓реЗ рд▓реЗрдХрд┐рди
2022 рдореЗ рдЖрдПрдВрдЧреЗ рддреЛ рдпреЛрдЧреА рдЬреА рд╣реА...

#рд▓рдЦреАрдордкреБрд░_рдореЗрдВ_рд░рд╛рдЬрдиреИрддрд┐рдХ_рдЧрд┐рджреНрдз 

@AAOLion @Hb_o12
@PSSS0005 @psisodiya7 @R_P_SinghBJP https://t.co/VXcHCmZGHn",[]
43,rajeevrana1,"B. E. (Mech) рдореЗрд░реА рдЯреНрд╡реАрдЯреНрд╕ рдХреЛ RT рдХрд░рддреЗ рд░рд╣рд┐рдпреЗ, рдзрд░реНрдо-рдЕрдзрд░реНрдо рдХреЗ рдпреБрджреНрдз рдореЗ рдЬреЛ рд▓реЛрдЧ рддрдЯрд╕реНрде рд░рд╣рддреЗ рд╣реИрдВ рд╡реЛ рдЕрдзрд░реНрдо рдХрд╛ рд╣реА рд╕рд╛рде рджреЗ рд░рд╣реЗ рд╣реЛрддреЗ рд╣реИ. #Justice_For_RajeevRana M9321296940","Mumbai, Meerut",18412,19172,208059,42,"рдкрд╛рд▓рдШрд░ рдореЗрдВ рдорд╛рд░реЗ рдЧрдП 2 рд╕рд╛рдзреБрдУрдВ рдХреЛ рджреЗрдЦрдиреЗ рдХреЛрдИ рд╡рд┐рдкрдХреНрд╖реА рдирд╣реАрдВ рдЧрдпрд╛ рдФрд░ рд▓рдЦреАрдордкреБрд░ рдореЗрдВ рдорд╛рд╣реМрд▓ рдЦрд░рд╛рдм рдХрд░рдиреЗ рдХреЗ рд▓рд┐рдП рд╕рдм рдмрд┐рд▓рдмрд┐рд▓рд╛ рд░рд╣реЗ рд╣реИрдВ?

рд░рд╛рдЬрдиреИрддрд┐рдХ рдЧрд┐рджреНрдз рдЪрд╛рд╣реЗ рдХрд┐рддрдиреЗ рднреА рд╖рдбрдпрдВрддреНрд░ рд░рдЪ рд▓реЗ рд▓реЗрдХрд┐рди
2022 рдореЗ рдЖрдПрдВрдЧреЗ рддреЛ рдпреЛрдЧреА рдЬреА рд╣реА...

#рд▓рдЦреАрдордкреБрд░_рдореЗрдВ_рд░рд╛рдЬрдиреИрддрд┐рдХ_рдЧрд┐рджреНрдз 

@AAOLion @Hb_o12
@PSSS0005 @psisodiya7 @R_P_SinghBJP https://t.co/VXcHCmZGHn",[]
44,VinayRatanBjp4,рд╕рд╣ рд╕рдВрдпреЛрдЬрдХ рд╕реЛрд╢рд▓ рдореАрдбрд┐рдпрд╛ рд╡рд┐рднрд╛рдЧ рднрд╛рдЬрдкрд╛ рдорд╣рд╛рдирдЧрд░ рдЕрд▓реАрдЧрдврд╝,"рдЕрд▓реАрдЧрдврд╝, рднрд╛рд░рдд",159,35,2245,2,"рдЬрд┐рддрдиреЗ рднреА рдиреЗрддрд╛ рд▓рдЦреАрдордкреБрд░реА рдЬрд╛ рд░рд╣реЗ рд╣реИ, рдЙрди рд╕рднреА рд╕реЗ рдЕрдиреБрд░реЛрдз рд╣реИ рдХрд┐ рдЖрдЬ рдФрд░ рдХрд▓ рдХрд╢реНрдореАрд░ рдореЗрдВ рдЫ: рд▓реЛрдЧреЛ рдХреА рд╣рддреНрдпрд╛ рдХрд░ рджреА рдЧрдИ рд╣реИрдВред рдХреГрдкрдпрд╛ рдЖрдк рдХрд╢реНрдореАрд░ рдХрд╛ рднреА рд░реБрдЦ рдХрд░реЗред
рдФрд░ рдРрд╕реЗ рдиреЗрддрд╛рдУрдВ рд╕реЗ рдЕрдиреБрд░реЛрдз рд╣реИ рд┐рдХ рдкрдВрдЬрд╛рдм рдФрд░ рдЫрддреНрддреАрд╕рдЧрдврд╝ рдХреЗ рд╕реАрдПрдо рд╕реЗ 50-50 рд▓рд╛рдЦ рд░реБ рдЗрди рдкрд░рд┐рд╡рд╛рд░реЛрдВ рдХреЛ рднреА рджрд┐рд▓рд╡рд╛рдПред
#рд▓рдЦреАрдордкреБрд░_рдореЗрдВ_рд░рд╛рдЬрдиреИрддрд┐рдХ_рдЧрд┐рджреНрдз 
#BJP4UP",[]
45,AmandeepOhlyan,,"Chandigarh, India",4,2,101,2,#рд▓рдЦреАрдордкреБрд░_рдореЗрдВ_рд░рд╛рдЬрдиреИрддрд┐рдХ_рдЧрд┐рджреНрдз https://t.co/6oUlo2Qjv1,['рд▓рдЦреАрдордкреБрд░_рдореЗрдВ_рд░рд╛рдЬрдиреИрддрд┐рдХ_рдЧрд┐рджреНрдз']
46,Ms_king_leo,Official Handle||Follower of Almighty lord Rama||Mission Akhnd Bharat||Hindustan meri Jaan||ЁЯЧгя╕ПрдкреЗ рд╕рд┐рд░рдлЁЯеЗ рдирд╛рдоЁЯЩПЁЯМ╣рдЬрдп рд╕рд┐рдпрд╛-рд░рд╛рдоЁЯМ╣ЁЯЩП,"New Delhi, India",143,27,793,204,"рд╕рд┐рд░реНрдл рдирд╛рдХ рд╣реА рдЧрд┐рджреНрдз рдЬрд╕реАреИ рдирд╣реАрдВ рд╣реИ рдмрд▓реНрдХрд┐ рдорди рднреА рдЧрд┐рджреНрдз рдЬреИрд╕реА рд╣реИ l 
Guess whom ? 

#рд▓рдЦреАрдордкреБрд░_рдореЗрдВ_рд░рд╛рдЬрдиреИрддрд┐рдХ_рдЧрд┐рджреНрдз https://t.co/eHYPL904FK",['рд▓рдЦреАрдордкреБрд░_рдореЗрдВ_рд░рд╛рдЬрдиреИрддрд┐рдХ_рдЧрд┐рджреНрдз']
47,anukansal19711,,,729,250,4815,204,"рд╕рд┐рд░реНрдл рдирд╛рдХ рд╣реА рдЧрд┐рджреНрдз рдЬрд╕реАреИ рдирд╣реАрдВ рд╣реИ рдмрд▓реНрдХрд┐ рдорди рднреА рдЧрд┐рджреНрдз рдЬреИрд╕реА рд╣реИ l 
Guess whom ? 

#рд▓рдЦреАрдордкреБрд░_рдореЗрдВ_рд░рд╛рдЬрдиреИрддрд┐рдХ_рдЧрд┐рджреНрдз https://t.co/eHYPL904FK",['рд▓рдЦреАрдордкреБрд░_рдореЗрдВ_рд░рд╛рдЬрдиреИрддрд┐рдХ_рдЧрд┐рджреНрдз']
48,BuzzFlappy,,,3,0,13,43,#рд▓рдЦреАрдордкреБрд░_рдореЗрдВ_рд░рд╛рдЬрдиреИрддрд┐рдХ_рдЧрд┐рджреНрдз https://t.co/U0UldRovdZ,['рд▓рдЦреАрдордкреБрд░_рдореЗрдВ_рд░рд╛рдЬрдиреИрддрд┐рдХ_рдЧрд┐рджреНрдз']
49,BuzzFlappy,,,3,0,13,36,"#рд▓рдЦреАрдордкреБрд░_рдореЗрдВ_рд░рд╛рдЬрдиреИрддрд┐рдХ_рдЧрд┐рджреНрдз
рдпреЗ рдЧрд┐рджреНрдз рд╕реЗ рдЦрддрд░рдирд╛рдХ рд▓реЛрдЧ рд╣реИрдВ рдЬрд░рд╛ рд╕рдВрднрд▓ рдХреЗ https://t.co/qiCb9PEfUK",['рд▓рдЦреАрдордкреБрд░_рдореЗрдВ_рд░рд╛рдЬрдиреИрддрд┐рдХ_рдЧрд┐рджреНрдз']
50,Ameresh2Mishra,,рдорд╣рд╛рджреЗрд╡ рдХреА рдирдЧрд░реА рдХрд╛рд╢реА ,2377,2112,30027,1,"@82N_awasthi @its_vandana1 @iaka101 @sadhvi_1 @Neha88250 @Arpita52940971 @JainKiran71 @dreamgirl20201 @Rashi_10k @krtika_raj @_See_ma_ @UmaMish10754235 @rgpateltarak999 @GitaKum52950779 @AaDiGuRu01 @Anika_MaM @Anika09681909 @CP9109 @R_I_T_U_1 @sharadaThapa6 Follow me for follow back. #lakhimpurkhiri_sabut 
#рд▓рдЦреАрдордкреБрд░_рдХреЗ_рдЧрд┐рджреНрдз #рд▓рдЦреАрдордкреБрд░_рдореЗрдВ_рд░рд╛рдЬрдиреИрддрд┐рдХ_рдЧрд┐рджреНрдз https://t.co/06WzEeCjmw",[]
51,jvashistha1612,PRO-COMMUNICATION HACKER Buddha by soul; Naive by social fabric; Human by heart; Wanderer by thoughts. Belief: If U want to be Happy-BE!,Vijayanagar Kingdom,426,487,3311,0,"#JusticeForLakhbirSingh
#рд▓рдЦреАрдордкреБрд░_рдореЗрдВ_рд░рд╛рдЬрдиреИрддрд┐рдХ_рдЧрд┐рджреНрдз 
#рд▓рдЦреАрдордкреБрд░
#рд▓рдЦреАрдордкреБрд░рдЦреАрд░реА 
#рдХрд┐рд╕рд╛рдиреЛрдВ_рдХреЗ_рд╡реЗрд╢_рдореЗрдВ_рдЖрддрдВрдХрд╡рд╛рджреА 
#рдХрд┐рд╕рд╛рди_рдирд╣реАрдВ_рд╣рддреНрдпрд╛рд░реЗ_рд╣реИрдВ 

@narendramodi @AmitShah 
@AmitShahOffice 
@BJP4India 
@RSSorg 
@PMOIndia
@ndtv
@republic https://t.co/JvGLU1BX8d","['JusticeForLakhbirSingh', 'рд▓рдЦреАрдордкреБрд░_рдореЗрдВ_рд░рд╛рдЬрдиреИрддрд┐рдХ_рдЧрд┐рджреНрдз', 'рд▓рдЦреАрдордкреБрд░', 'рд▓рдЦреАрдордкреБрд░рдЦреАрд░реА', 'рдХрд┐рд╕рд╛рдиреЛрдВ_рдХреЗ_рд╡реЗрд╢_рдореЗрдВ_рдЖрддрдВрдХрд╡рд╛рджреА', 'рдХрд┐рд╕рд╛рди_рдирд╣реАрдВ_рд╣рддреНрдпрд╛рд░реЗ_рд╣реИрдВ']"
52,Bholekediwane,No Pain No Again,"Madhya Pradesh, India",371,413,4609,1,"рд╕рд┐рд░реНрдл рдирд╛рдХ рд╣реА рдЧрд┐рджреНрдз рдЬрд╕реАреИ рдирд╣реАрдВ рд╣реИ рдмрд▓реНрдХрд┐ рдорди рднреА рдЧрд┐рджреНрдз рдЬреИрд╕реА рд╣реИ l 
Guess whom ? 

#рд▓рдЦреАрдордкреБрд░_рдореЗрдВ_рд░рд╛рдЬрдиреИрддрд┐рдХ_рдЧрд┐рджреНрдз https://t.co/OxbBUDmcDT",['рд▓рдЦреАрдордкреБрд░_рдореЗрдВ_рд░рд╛рдЬрдиреИрддрд┐рдХ_рдЧрд┐рджреНрдз']
53,iRamVerma,"Nation First ЁЯМ╗ЁЯМ╗ЁЯМ╗ЁЯМ╗ЁЯМ╗ЁЯМ╗ЁЯМ╗ЁЯМ╗ЁЯМ╗ЁЯМ╗ЁЯМ╗
Social Worker || Nationalist || Bhartiya Janta Party Supporter @Bjp4india & @Narendramodi Ji @AmitShah Ji @Chouhanshivraj Ji","Indore, Madhya Pradesh India",563,614,8640,1,"рд╕рд┐рд░реНрдл рдирд╛рдХ рд╣реА рдЧрд┐рджреНрдз рдЬрд╕реАреИ рдирд╣реАрдВ рд╣реИ рдмрд▓реНрдХрд┐ рдорди рднреА рдЧрд┐рджреНрдз рдЬреИрд╕реА рд╣реИ l 
Guess whom ? 

#рд▓рдЦреАрдордкреБрд░_рдореЗрдВ_рд░рд╛рдЬрдиреИрддрд┐рдХ_рдЧрд┐рджреНрдз https://t.co/OxbBUDmcDT",['рд▓рдЦреАрдордкреБрд░_рдореЗрдВ_рд░рд╛рдЬрдиреИрддрд┐рдХ_рдЧрд┐рджреНрдз']
54,padamraj1010,рд╕рдирд╛рддрдиреА рд╣реВрдВ,"Pondicherry, India",78,4,11,204,"рд╕рд┐рд░реНрдл рдирд╛рдХ рд╣реА рдЧрд┐рджреНрдз рдЬрд╕реАреИ рдирд╣реАрдВ рд╣реИ рдмрд▓реНрдХрд┐ рдорди рднреА рдЧрд┐рджреНрдз рдЬреИрд╕реА рд╣реИ l 
Guess whom ? 

#рд▓рдЦреАрдордкреБрд░_рдореЗрдВ_рд░рд╛рдЬрдиреИрддрд┐рдХ_рдЧрд┐рджреНрдз https://t.co/eHYPL904FK",['рд▓рдЦреАрдордкреБрд░_рдореЗрдВ_рд░рд╛рдЬрдиреИрддрд┐рдХ_рдЧрд┐рджреНрдз']
55,UsmanMalikINC,"VICE PRESIDENT Boisar Assembly CONGRESS Committee ( Vasai Virar District Congress )  @BoisarINC131   VICE PRESIDENT DIST PALGHAR   
 

 ( JAI HO FOUNDATION )",Nallasopara Maharashtra India ,2740,3207,233,6,"рдЖрдЬ рдкреВрд░реЗ рдорд╣рд╛рд░рд╛рд╖реНрдЯреНрд░ рдореЗ рд╕рднреА рдЬрдЧрд╣реЛрдВ рдкрд░ рджреБрдХрд╛рди рдХрд╛рдордХрд╛рдЬ рдмрдВрдж рдХрд░рдиреЗ рдХрд╛ рдЕрд╣рд╡рд╛рди рдХрд┐рдпрд╛ рдЧрдпрд╛ рдмреЛрдИрд╕рд░ рд╡рд┐рдзрд╛рдирд╕рднрд╛ рдХреЙрдВрдЧреНрд░реЗрд╕ рдХрдореЗрдЯреА рдХреЗ рд╕рднреА рдкрджрд╛рдзрд┐рдХрд╛рд░реА рдХреЗ рджреНрд╡рд╛рд░рд╛ рдХрд╛рд░реНрдп рдореЗрдВ рд╣рд░ рдПрдХ #Saksham рд╡реНрдпрдХреНрдд рдиреЗ рдХрджрдо рд╕реЗ рдХрджрдо рдорд┐рд▓рд╛рдХрд░ рд╣рд┐рд╕реНрд╕рд╛ рд▓рд┐рдпрд╛ред #рд▓рдЦреАрдордкреБрд░_рдореЗрдВ_рд╕рд░рдХрд╛рд░реА_рдЧреБрдВрдбрд╛рд░рд╛рдЬ 
#рд▓рдЦреАрдордкреБрд░_рдореЗрдВ_рд░рд╛рдЬрдиреИрддрд┐рдХ_рдЧрд┐рджреНрдз 
#рд▓рдЦреАрдордкреБрд░ https://t.co/LTlSM0is9Z",[]
56,SHANTIBHANDARI2,THEY ONLY LIVE WHO LIVE FOR OTHERS,"chennai,india",826,31,534,1,"рд░рд╛рд╣реБрд▓ рдФрд░ рдкреНрд░рд┐рдпрдВрдХрд╛ рдХрд┐рд╕рд╛рдиреЛрдВ рдХрд╛ рдЗрддрдирд╛ рдЦрд╝реНрдпрд╛рд▓ рдХреНрдпреВрдБ рди рд░рдЦреЗрдВ? рдЙрдирдХреЗ рдШрд░ рдореЗрдВ рд╡рд╛рдбреНрд░рд╛ рдХреЗ рд░реВрдк рдореЗрдВ рд╣рд░рд┐рдпрд╛рдгрд╛ рдФрд░ рд░рд╛рдЬрд╕реНрдерд╛рди рдХрд╛ рд╕рдмрд╕реЗ рдмрдбрд╝рд╛ рдХрд┐рд╕рд╛рди рд╣реИред рдПрдХ рдмрд╛рд░ рдкреНрд░рд┐рдпрдВрдХрд╛ рдЬреА рдХреЛ U.P. рд╕реЗ рдЬрд┐рддрд╛ рдХреЗ рддреЛ рджреЗрдЦреЛ, рд╡реЛ рдпрд╣рд╛рдБ рдХрд╛ рднреА рд╕рдмрд╕реЗ рдмрдбрд╝рд╛ рдХрд┐рд╕рд╛рди рд╣реЛ рдЬрд╛рдПрдЧрд╛ред рдЬрд╛рдиреЗрдВ рдХреНрдпреВрдБ рд▓реЛрдЧ рдЙрдиреНрд╣реЗрдВ  #рд▓рдЦреАрдордкреБрд░_рдореЗрдВ_рд░рд╛рдЬрдиреИрддрд┐рдХ_рдЧрд┐рджреНрдз рдмреЛрд▓ рд░рд╣реЗ рд╣реИрдВ?",[]
57,shyamsundar_n,,,73,26,5593,5,#рдЧрд┐рджреНрдзреЛрдВ_рдЫрддреНрддреАрд╕рдЧрдврд╝_рдЬрд╛рдУ #рд▓рдЦреАрдордкреБрд░_рдореЗрдВ_рд░рд╛рдЬрдиреИрддрд┐рдХ_рдЧрд┐рджреНрдз #рд▓рдЦреАрдордкреБрд░_рдХреЗ_рдЧрд┐рджреНрдз https://t.co/8kcnIJnS5q,"['рдЧрд┐рджреНрдзреЛрдВ_рдЫрддреНрддреАрд╕рдЧрдврд╝_рдЬрд╛рдУ', 'рд▓рдЦреАрдордкреБрд░_рдореЗрдВ_рд░рд╛рдЬрдиреИрддрд┐рдХ_рдЧрд┐рджреНрдз', 'рд▓рдЦреАрдордкреБрд░_рдХреЗ_рдЧрд┐рджреНрдз']"
58,Malik8882503511,Nationalist,,14,13,727,4,ItтАЩs trending  тАж #рд▓рдЦреАрдордкреБрд░_рдореЗрдВ_рд░рд╛рдЬрдиреИрддрд┐рдХ_рдЧрд┐рджреНрдз  #BJPNoidaIT https://t.co/Bwpafsypr1,"['рд▓рдЦреАрдордкреБрд░_рдореЗрдВ_рд░рд╛рдЬрдиреИрддрд┐рдХ_рдЧрд┐рджреНрдз', 'BJPNoidaIT']"
59,AnujKodesia,,рднрд╛рд░рдд,677,200,11628,0,"@WarNishant рдФрд░ рд╡реЛ рдлрд░реНрдХ рд╕рд┐рд░реНрдл #рдирдХрд▓реА_рдЧрд╛рдВрдзреА_рдХреЗ_рдЕрд╕рд▓реА_рдЧреБрд▓рд╛рдо рд╣реА рдмрддрд╛ рдкрд╛рдпреЗрдЧрд╛...

#рдирдХрд▓реА_рдЧрд╛рдВрдзреА_рдХреЗ_рдирдХрд▓реА_рдХрд┐рд╕рд╛рди
#рдирдХрд▓реА_рдХрд┐рд╕рд╛рди_рдЕрд╕рд▓реА_рднреЗрдбрд╝рд┐рдпреЗ 
#рд▓рдЦреАрдордкреБрд░ 
#рд▓рдЦреАрдордкреБрд░_рдореЗрдВ_рд░рд╛рдЬрдиреИрддрд┐рдХ_рдЧрд┐рджреНрдз
#рд▓рдЦреАрдордкреБрд░рдЦреАрд░реА","['рдирдХрд▓реА_рдЧрд╛рдВрдзреА_рдХреЗ_рдЕрд╕рд▓реА_рдЧреБрд▓рд╛рдо', 'рдирдХрд▓реА_рдЧрд╛рдВрдзреА_рдХреЗ_рдирдХрд▓реА_рдХрд┐рд╕рд╛рди', 'рдирдХрд▓реА_рдХрд┐рд╕рд╛рди_рдЕрд╕рд▓реА_рднреЗрдбрд╝рд┐рдпреЗ', 'рд▓рдЦреАрдордкреБрд░', 'рд▓рдЦреАрдордкреБрд░_рдореЗрдВ_рд░рд╛рдЬрдиреИрддрд┐рдХ_рдЧрд┐рджреНрдз', 'рд▓рдЦреАрдордкреБрд░рдЦреАрд░реА']"
60,Parulrawat17,Nationalist,,38,11,577,3,"рдпреЛрдЧреА рдЬреА 24 рдШрдВрдЯреЗ рдореЗрдВ рд▓рдЦреАрдордкреБрд░ рдХреЗ рдЧрд┐рджреНрдзреЛрдВ рдХрд╛ рд╕рдлрд╛рдпрд╛ рдХреАрдЬрд┐рдПред

#рд▓рдЦреАрдордкреБрд░_рдореЗрдВ_рд░рд╛рдЬрдиреИрддрд┐рдХ_рдЧрд┐рджреНрдз",['рд▓рдЦреАрдордкреБрд░_рдореЗрдВ_рд░рд╛рдЬрдиреИрддрд┐рдХ_рдЧрд┐рджреНрдз']
61,Parulrawat17,Nationalist,,38,11,577,4,"рд░рд╛рдЬрдиреИрддрд┐рдХ рдЧрд┐рджреНрдзреЛрдВ рд╢рд░реНрдо рдХрд░реЛ ред
рд▓рдЦреАрдордкреБрд░ рдХреЗ рдЧрд┐рджреНрдзреЛрдВ рдбреВрдм рдорд░реЛредред

#рд▓рдЦреАрдордкреБрд░_рдореЗрдВ_рд░рд╛рдЬрдиреИрддрд┐рдХ_рдЧрд┐рджреНрдз https://t.co/1C3EBn2uin",['рд▓рдЦреАрдордкреБрд░_рдореЗрдВ_рд░рд╛рдЬрдиреИрддрд┐рдХ_рдЧрд┐рджреНрдз']
62,MallikRss,Nationalist #100% followback,"рдиреЛрдПрдбрд╛, рднрд╛рд░рдд",6,20,638,6,"Instead of creating peace in Uttar Pradesh the opposition is creating unrest so that they can get political benefits which is highly condemnable &amp; disappointing and the people of Uttar Pradesh will definitely answer them
#рд▓рдЦреАрдордкреБрд░_рдореЗрдВ_рд░рд╛рдЬрдиреИрддрд┐рдХ_рдЧрд┐рджреНрдз 
@Rambhaiya_bjp @mallikeshwar https://t.co/Oaecla7pJz",[]
63,MallikRss,Nationalist #100% followback,"рдиреЛрдПрдбрд╛, рднрд╛рд░рдд",6,20,638,8,"Those who do politics on dead bodies for their electoral gains .
#рд▓рдЦреАрдордкреБрд░_рдореЗрдВ_рд░рд╛рдЬрдиреИрддрд┐рдХ_рдЧрд┐рджреНрдз
#bjpnoidait 
@mallikeshwar @harshcha","['рд▓рдЦреАрдордкреБрд░_рдореЗрдВ_рд░рд╛рдЬрдиреИрддрд┐рдХ_рдЧрд┐рджреНрдз', 'bjpnoidait']"
64,MallikRss,Nationalist #100% followback,"рдиреЛрдПрдбрд╛, рднрд╛рд░рдд",6,20,638,3,"*рдпреЗ рдЬреЛ рдмрд╛рдмрд╛ рдЬреА 45 рд▓рд╛рдЦ рджреЗ рд░рд╣реЗ рд╣реИ рдирд╛, рдпреЗ рдЕрдм рджреЛрд╖рд┐рдпреЛрдВ рдХреЗ рдШрд░ рдЬрдореАрди рдХреА рдХреБрд░реНрдХреА рд╕реЗ рд╡рд╕реВрд▓реЗ рдЬрд╛рдпрдБрдЧреЗ 58 рдХреА рдкрд╣рдЪрд╛рди рд╣реЛ рдЪреБрдХреА рд╣реИ, 8 рдЧрд┐рд░рдлреНрддрд╛рд░ рднреАред

рдмрд╛рдмрд╛ рдЬреА рдХреБрдЫ рдЬреЗрдм рд╕реЗ рдирд╣реА рджреЗрддреЗ, рдХреНрдпреЛрдХрд┐ рдЙрдирдХреА рдзреЛрддреА рдХреБрд░реНрддрд╛ рдореЗрдВ рдЬреЗрдм рд╣реА рдирд╣реА рд╣реИ! ЁЯШОЁЯЩП

#Yogi_Rocks
#рд▓рдЦреАрдордкреБрд░_рдореЗрдВ_рд░рд╛рдЬрдиреИрддрд┐рдХ_рдЧрд┐рджреНрдз 
#BJPnoidaIT @BJPITNoidaMN @BJP4UP",[]
65,MallikRss,Nationalist #100% followback,"рдиреЛрдПрдбрд╛, рднрд╛рд░рдд",6,20,638,4,ItтАЩs trending  тАж #рд▓рдЦреАрдордкреБрд░_рдореЗрдВ_рд░рд╛рдЬрдиреИрддрд┐рдХ_рдЧрд┐рджреНрдз  #BJPNoidaIT https://t.co/Bwpafsypr1,"['рд▓рдЦреАрдордкреБрд░_рдореЗрдВ_рд░рд╛рдЬрдиреИрддрд┐рдХ_рдЧрд┐рджреНрдз', 'BJPNoidaIT']"
66,MallikRss,Nationalist #100% followback,"рдиреЛрдПрдбрд╛, рднрд╛рд░рдд",6,20,638,4,"#рд▓рдЦреАрдордкреБрд░_рдореЗрдВ_рд░рд╛рдЬрдиреИрддрд┐рдХ_рдЧрд┐рджреНрдз 
#BJP4UP 
#BJPnoidaIT https://t.co/lXHMy9Hz4j","['рд▓рдЦреАрдордкреБрд░_рдореЗрдВ_рд░рд╛рдЬрдиреИрддрд┐рдХ_рдЧрд┐рджреНрдз', 'BJP4UP', 'BJPnoidaIT']"
67,MallikRss,Nationalist #100% followback,"рдиреЛрдПрдбрд╛, рднрд╛рд░рдд",6,20,638,4,"#рд▓рдЦреАрдордкреБрд░_рдореЗрдВ_рд░рд╛рдЬрдиреИрддрд┐рдХ_рдЧрд┐рджреНрдз 
#BJP4UP 
#BJPnoidaIT https://t.co/MQb0FBam2P","['рд▓рдЦреАрдордкреБрд░_рдореЗрдВ_рд░рд╛рдЬрдиреИрддрд┐рдХ_рдЧрд┐рджреНрдз', 'BJP4UP', 'BJPnoidaIT']"
68,MallikRss,Nationalist #100% followback,"рдиреЛрдПрдбрд╛, рднрд╛рд░рдд",6,20,638,5,"#рд▓рдЦреАрдордкреБрд░_рдореЗрдВ_рд░рд╛рдЬрдиреИрддрд┐рдХ_рдЧрд┐рджреНрдз 
#BJP4UP 
#BJPnoidaIT https://t.co/G4iR9T7Xki","['рд▓рдЦреАрдордкреБрд░_рдореЗрдВ_рд░рд╛рдЬрдиреИрддрд┐рдХ_рдЧрд┐рджреНрдз', 'BJP4UP', 'BJPnoidaIT']"
69,MallikRss,Nationalist #100% followback,"рдиреЛрдПрдбрд╛, рднрд╛рд░рдд",6,20,638,5,"#рд▓рдЦреАрдордкреБрд░_рдореЗрдВ_рд░рд╛рдЬрдиреИрддрд┐рдХ_рдЧрд┐рджреНрдз 
#BJP4UP 
#BJPnoidaIT https://t.co/DzVRh18f6l","['рд▓рдЦреАрдордкреБрд░_рдореЗрдВ_рд░рд╛рдЬрдиреИрддрд┐рдХ_рдЧрд┐рджреНрдз', 'BJP4UP', 'BJPnoidaIT']"
70,naren_parashar,"koo id @naren_parashar 
follow me on koo

рд░рд╛рд╖реНрдЯреНрд░рд╣рд┐рдд рд╕рд░реНрд╡реЛрдкрд░рд┐,
рд▓рд┐рдмреНрд░рд╛рдгреНрдбреЛрдВ рдХреЗ рд▓рд┐рдП рдЬрдЧрд╣ рдирд╣реАрдВ рд╣реИ
рджреВрд░ рдФрд░ рдмрд╣реБрдд рджреВрд░ рд░рд╣реЗрдВред

редЁЯЪйЁЯЪйЁЯЗоЁЯЗ│","New Delhi, India",3961,1366,25512,47,"VVIP politicians at Airport!

#рд▓рдЦреАрдордкреБрд░_рдореЗрдВ_рд░рд╛рдЬрдиреИрддрд┐рдХ_рдЧрд┐рджреНрдз https://t.co/T6usjU2Qft

#рдЫрддреНрддреАрд╕рдЧрдврд╝_рдмрдирд╛_рдЬрд┐рд╣рд╛рджрдЧрдврд╝","['рд▓рдЦреАрдордкреБрд░_рдореЗрдВ_рд░рд╛рдЬрдиреИрддрд┐рдХ_рдЧрд┐рджреНрдз', 'рдЫрддреНрддреАрд╕рдЧрдврд╝_рдмрдирд╛_рдЬрд┐рд╣рд╛рджрдЧрдврд╝']"
71,adikya2,"True patriot,. A hindu",,470,106,9172,1316,"UP With Yogi Ji .

#рд▓рдЦреАрдордкреБрд░_рдореЗрдВ_рд░рд╛рдЬрдиреИрддрд┐рдХ_рдЧрд┐рджреНрдз https://t.co/Z3egluURvh",['рд▓рдЦреАрдордкреБрд░_рдореЗрдВ_рд░рд╛рдЬрдиреИрддрд┐рдХ_рдЧрд┐рджреНрдз']
72,RAHUL_Goswami__,Jai Shree Ram ЁЯШНтЭд,"рдореЗрд░рда, рднрд╛рд░рдд",145,63,1234,0,#рд▓рдЦреАрдордкреБрд░_рдореЗрдВ_рд░рд╛рдЬрдиреИрддрд┐рдХ_рдЧрд┐рджреНрдз,['рд▓рдЦреАрдордкреБрд░_рдореЗрдВ_рд░рд╛рдЬрдиреИрддрд┐рдХ_рдЧрд┐рджреНрдз']
73,Devshar19611188,JAI SHRE RAM,,5,2,1177,27,#рд▓рдЦреАрдордкреБрд░_рдореЗрдВ_рд░рд╛рдЬрдиреИрддрд┐рдХ_рдЧрд┐рджреНрдз https://t.co/wAfbHm7I4g,['рд▓рдЦреАрдордкреБрд░_рдореЗрдВ_рд░рд╛рдЬрдиреИрддрд┐рдХ_рдЧрд┐рджреНрдз']
74,Devshar19611188,JAI SHRE RAM,,5,2,1177,36,"#рд▓рдЦреАрдордкреБрд░_рдореЗрдВ_рд░рд╛рдЬрдиреИрддрд┐рдХ_рдЧрд┐рджреНрдз
рдпреЗ рдЧрд┐рджреНрдз рд╕реЗ рдЦрддрд░рдирд╛рдХ рд▓реЛрдЧ рд╣реИрдВ рдЬрд░рд╛ рд╕рдВрднрд▓ рдХреЗ https://t.co/qiCb9PEfUK",['рд▓рдЦреАрдордкреБрд░_рдореЗрдВ_рд░рд╛рдЬрдиреИрддрд┐рдХ_рдЧрд┐рджреНрдз']
75,Devshar19611188,JAI SHRE RAM,,5,2,1177,43,#рд▓рдЦреАрдордкреБрд░_рдореЗрдВ_рд░рд╛рдЬрдиреИрддрд┐рдХ_рдЧрд┐рджреНрдз https://t.co/U0UldRovdZ,['рд▓рдЦреАрдордкреБрд░_рдореЗрдВ_рд░рд╛рдЬрдиреИрддрд┐рдХ_рдЧрд┐рджреНрдз']
76,RathourSeens,"Youtuber, Photography
#RathOurseens","Lucknow, India",33,25,25,24,"рдпреВрдкреА рдХреА рд╢рд╛рдВрддрд┐ рд╡реНрдпрд╡рд╕реНрдерд╛ рдореЗрдВ рдЦрд▓рд▓ рдбрд╛рд▓рдиреЗ рдХреЗ рд▓рд┐рдП рд▓рдЦреАрдордкреБрд░ рд╣рд┐рдВрд╕рд╛ рдХреЗ рдорд╛рдорд▓реЗ рдореЗрдВ рдХрд╛рдВрдЧреНрд░реЗрд╕ рдХрд░ рд░рд╣реА рдЧрдВрджреА рд░рд╛рдЬрдиреАрддрд┐, рджреЗрд╢рднрд░ рд╕реЗ рдХрд╛рдВрдЧреНрд░реЗрд╕реА рдиреЗрддрд╛рдУрдВ рдХреЛ рдПрдХрддреНрд░рд┐рдд рдХрд░рдХреЗ рд▓рдЦреАрдордкреБрд░ рдХрд╛ рдореМрд╣рд╛рд▓ рдЦрд░рд╛рдм рдХрд░рдирд╛ рдЪрд╛рд╣рддреА рд╣реИрдВ рдХрд╛рдВрдЧреНрд░реЗрд╕ред #рд▓рдЦреАрдордкреБрд░_рдореЗрдВ_рд░рд╛рдЬрдиреИрддрд┐рдХ_рдЧрд┐рджреНрдз",[]
77,Jainpankajkasan,#рд╕рдБрдШреЗрд╢рдХреНрддреАрдХрд▓реЗрдпреБрдЧреЗ for #help call 9868355556  followed by  @drsanjeevbalyan @munilokesh @meghrajjainMP  @virendramastmp  @sudhanshuBjp  @sanjaydalmia17,"Anand Vihar, New Delhi",177,4295,599352,2,#shamecorruptcongress #рд▓рдЦреАрдордкреБрд░_рдореЗрдВ_рд░рд╛рдЬрдиреИрддрд┐рдХ_рдЧрд┐рджреНрдз https://t.co/5i0pwhP6Pn,"['shamecorruptcongress', 'рд▓рдЦреАрдордкреБрд░_рдореЗрдВ_рд░рд╛рдЬрдиреИрддрд┐рдХ_рдЧрд┐рджреНрдз']"
78,Jolene32582844,,,263,43,89,5,It seems SP and congress planned all this violence at Lakhimpur as SP leader Virk &amp; Congress IT cell guy was present at incidence.  #рд▓рдЦреАрдордкреБрд░_рдореЗрдВ_рд░рд╛рдЬрдиреИрддрд┐рдХ_рдЧрд┐рджреНрдз,[]
79,Sunil1841,Government and Politics,India,121,158,27356,204,"рд╕рд┐рд░реНрдл рдирд╛рдХ рд╣реА рдЧрд┐рджреНрдз рдЬрд╕реАреИ рдирд╣реАрдВ рд╣реИ рдмрд▓реНрдХрд┐ рдорди рднреА рдЧрд┐рджреНрдз рдЬреИрд╕реА рд╣реИ l 
Guess whom ? 

#рд▓рдЦреАрдордкреБрд░_рдореЗрдВ_рд░рд╛рдЬрдиреИрддрд┐рдХ_рдЧрд┐рджреНрдз https://t.co/eHYPL904FK",['рд▓рдЦреАрдордкреБрд░_рдореЗрдВ_рд░рд╛рдЬрдиреИрддрд┐рдХ_рдЧрд┐рджреНрдз']
80,Star56269899,"ЁЯФЬ Medical Student 
ЁЯФЬ I ЁЯСНlike sports 
ЁЯФЬ I ЁЯТЦlove ЁЯППcricket 
ЁЯФЬ Big fan of ЁЯСЙMahi 
ЁЯФЬ Wish me on ЁЯОВ 8 February ЁЯОВ",,804,179,216,2,"@AmitShah @narendramodi 250 рдлреЙрд▓реЛрд╡рд░реНрд╕ рдирд┐рд╢реНрдЪрд┐рдд рд░реВрдк рд╕реЗ рдмрдврд╝рд╛рдПрдВ, рдЖрдкрдХреЛ рд╕рд┐рд░реНрдл рдЗрдВрд╕реНрдЯреНрд░рдХреНрд╢рди рдИрдорд╛рдирджрд╛рд░реА рд╕реЗ рдлреЙрд▓реЛ рдХрд░рдиреЗ рд╣реИрдВ

1 - рд░реАрдЯреНрд╡реАрдЯ рдХрд░реЗрдВ!
2 - рд░реАрдЯреНрд╡реАрдЯ рд▓рд┐рд╕реНрдЯ рдЦреЛрд▓рдХрд░ рд╕рднреА рдХреЛ рдлреЛрд▓реЛ рдХрд░реЗрдВ
3 - рдЕрдЧрд▓реЗ 2 рдШрдВрдЯреЗ рдореЗрдВ рд╕рднреА рдХреЛ рдлреЙрд▓реЛрдмреИрдХ рдХрд░реЗрдВ
4 - рдХрдореЗрдВрдЯ рдореЗрдВ #рд▓рдЦреАрдордкреБрд░_рдореЗрдВ_рд░рд╛рдЬрдиреИрддрд┐рдХ_рдЧрд┐рджреНрдз рд▓рд┐рдЦреЗрдВ
5 - рдлреЙрд▓реЛ рдХрд░реЗрдВ ЁЯСЙ @imneerajkrjha",[]
81,Himansh55782902,,"Haryana, India",272,8,141,204,"рд╕рд┐рд░реНрдл рдирд╛рдХ рд╣реА рдЧрд┐рджреНрдз рдЬрд╕реАреИ рдирд╣реАрдВ рд╣реИ рдмрд▓реНрдХрд┐ рдорди рднреА рдЧрд┐рджреНрдз рдЬреИрд╕реА рд╣реИ l 
Guess whom ? 

#рд▓рдЦреАрдордкреБрд░_рдореЗрдВ_рд░рд╛рдЬрдиреИрддрд┐рдХ_рдЧрд┐рджреНрдз https://t.co/eHYPL904FK",['рд▓рдЦреАрдордкреБрд░_рдореЗрдВ_рд░рд╛рдЬрдиреИрддрд┐рдХ_рдЧрд┐рджреНрдз']
82,DineshC03914036,"рдХреЛрд╖рд╛рдзреНрдпрдХреНрд╖, рд░рд╛рд╖реНрдЯреНрд░ рдЙрддреНрдерд╛рди рд╕реЗрд╡рд╛ рдЯреНрд░рд╕реНрдЯ
рд╕рдВрдЧрдарди рдорд╣рд╛рдордВрддреНрд░реА, рдЙрдЬреНрдЬрд╡рд▓ рднрд╛рд░рдд рдЕрднрд┐рдпрд╛рди
рдкреВрд░реНрд╡ рдордВрддреНрд░реА рдмрд╛рдЬрдирд╛ рдордВрдбрд▓ рднрд╛рд░рддреАрдп рдЬрдирддрд╛ рдкрд╛рд░реНрдЯреА
рдкреНрд░рддрд┐рд╖реНрдард╛рди,рднрд╡реНрдп рдПрдВрдЯрд░рдкреНрд░рд╛рдЗрдЬреЗрдЬ","Mathura, India",2180,2957,49975,8,"рдмрд╣реБрдд рдмрдбрд╝рд╛ рд╖рдбреНрдпрдВрддреНрд░

#рд▓рдЦреАрдордкреБрд░_рдореЗрдВ_рд░рд╛рдЬрдиреИрддрд┐рдХ_рдЧрд┐рджреНрдз https://t.co/TsRntgQtci",['рд▓рдЦреАрдордкреБрд░_рдореЗрдВ_рд░рд╛рдЬрдиреИрддрд┐рдХ_рдЧрд┐рджреНрдз']
83,skantpandey,"#рдзрд░реНрдореЛ_рд░рдХреНрд╖рддрд┐_рд░рдХреНрд╖рд┐рддрдГ
#рдзрд░реНрдо_рд╣рд┐рдВрд╕рд╛_рддрдереИрд╡рдЪреН
#рдХреГрддреЗ_рдкреНрд░рддрд┐рдХреГрддрд┐рдВ_рдХреБрд░реНрдпрд╛рджреНрд╡рд┐рдВрд╕рд┐рддреЗ_рдкреНрд░рддрд┐рд╣рд┐рдВрд╕рд┐рддрдореН #рддрддреНрд░_рджреЛрд╖рдВ_рди_рдкрд╢реНрдпрд╛рдорд┐_рд╢рдареЗ_рд╢рд╛рдареНрдпрдВ_рд╕рдорд╛рдЪрд░реЗрддреНЁЯЪй
RTтЭМрд╕рд╣рдорддрд┐
#рдордиреНрджрд┐рд░_рд╡рд╣реАрдВ_рдмрди_рд░рд╣рд╛",рднрд╛рд░рддрд╡рд░реНрд╖ЁЭФ╣ЁЭХЩЁЭХТЁЭХгЁЭХТЁЭХеЁЭХзЁЭХТЁЭХгЁЭХдЁЭХЩ,439,737,62213,204,"рд╕рд┐рд░реНрдл рдирд╛рдХ рд╣реА рдЧрд┐рджреНрдз рдЬрд╕реАреИ рдирд╣реАрдВ рд╣реИ рдмрд▓реНрдХрд┐ рдорди рднреА рдЧрд┐рджреНрдз рдЬреИрд╕реА рд╣реИ l 
Guess whom ? 

#рд▓рдЦреАрдордкреБрд░_рдореЗрдВ_рд░рд╛рдЬрдиреИрддрд┐рдХ_рдЧрд┐рджреНрдз https://t.co/eHYPL904FK",['рд▓рдЦреАрдордкреБрд░_рдореЗрдВ_рд░рд╛рдЬрдиреИрддрд┐рдХ_рдЧрд┐рджреНрдз']
84,NarsimhaReddyKu,Bharath matha ki jai ..,,249,501,37084,256,"I Support this Trend  #рд▓рдЦреАрдордкреБрд░_рдореЗрдВ_рд░рд╛рдЬрдиреИрддрд┐рдХ_рдЧрд┐рджреНрдз

Rt if you support https://t.co/28AlVgPj1Y",['рд▓рдЦреАрдордкреБрд░_рдореЗрдВ_рд░рд╛рдЬрдиреИрддрд┐рдХ_рдЧрд┐рджреНрдз']
85,Amaresh03335514,"MSc,PhD Zoology(BHU), Professor,Author","Varanasi, India",4762,6376,45579,1,"@82N_awasthi @its_vandana1 @iaka101 @sadhvi_1 @Neha88250 @Arpita52940971 @JainKiran71 @dreamgirl20201 @Rashi_10k @krtika_raj @_See_ma_ @UmaMish10754235 @rgpateltarak999 @GitaKum52950779 @AaDiGuRu01 @Anika_MaM @Anika09681909 @CP9109 @R_I_T_U_1 @sharadaThapa6 Follow me for follow back. #lakhimpurkhiri_sabut 
#рд▓рдЦреАрдордкреБрд░_рдХреЗ_рдЧрд┐рджреНрдз #рд▓рдЦреАрдордкреБрд░_рдореЗрдВ_рд░рд╛рдЬрдиреИрддрд┐рдХ_рдЧрд┐рджреНрдз https://t.co/06WzEeCjmw","['lakhimpurkhiri_sabut', 'рд▓рдЦреАрдордкреБрд░_рдХреЗ_рдЧрд┐рджреНрдз', 'рд▓рдЦреАрдордкреБрд░_рдореЗрдВ_рд░рд╛рдЬрдиреИрддрд┐рдХ_рдЧрд┐рджреНрдз']"
86,Ruchi04328521,"Previous account suspended ЁЯЩГЁЯЩГЁЯЩГ
Legal, psychologist,
 Jai ShriramЁЯЩПЁЯЩП"," Hyderabad Telangana, India",301,391,1416,1,"ЁЯСЙЁЯСЙЁЯСЙрдЧрд╝рдЬрд╝рдм рдХрд┐рд╕рд╛рди рд╣реИ рднрд╛рдИ.... 
30 рдПрдХрдбрд╝ рдХреА рдзрд╛рди рдХреА рдЦрдбрд╝реА рдлрд╕рд▓ рдХрдЯрд╡рд╛ рджреА рдЯреЗрдВрдЯ рд▓рдЧрд╡рд╛рдиреЗ рдХреЗ рд▓рд┐рдП ЁЯдФ
#рд▓рдЦреАрдордкреБрд░_рдореЗрдВ_рд░рд╛рдЬрдиреИрддрд┐рдХ_рдЧрд┐рджреНрдз",['рд▓рдЦреАрдордкреБрд░_рдореЗрдВ_рд░рд╛рдЬрдиреИрддрд┐рдХ_рдЧрд┐рджреНрдз']
87,jvashistha1612,PRO-COMMUNICATION HACKER Buddha by soul; Naive by social fabric; Human by heart; Wanderer by thoughts. Belief: If U want to be Happy-BE!,Vijayanagar Kingdom,426,487,3311,0,"@koulkashmir @DoctorAjayita @rahulpassi ItтАЩs almost/more like brother-sister duo of a insulated parivar ranting:

рд╡реЛ рджреЗрдЦреЛ #рд▓рдЦреАрдордкреБрд░ рдЬрд▓ рд░рд╣рд╛ рд╣реИ,
рд╣рдорд╛рд░рд╛ рдЪреВрд▓реНрд╣рд╛ рддреЛ 2014 рд╕реЗ рдмреБрдЭрд╛ рд╣реБрдЖ рд╣реИтАжрдЖрдУ рдЪрд▓реЗрдВ рдФрд░ рдЕрдкрдиреА рд░реЛрдЯрд┐рдпрд╛рдБ рд╕реЗрдХреЗрдВред

 #рд▓рдЦреАрдордкреБрд░_рдореЗрдВ_рд░рд╛рдЬрдиреИрддрд┐рдХ_рдЧрд┐рджреНрдз","['рд▓рдЦреАрдордкреБрд░', 'рд▓рдЦреАрдордкреБрд░_рдореЗрдВ_рд░рд╛рдЬрдиреИрддрд┐рдХ_рдЧрд┐рджреНрдз']"
88,SkBuntyVerma1,,,454,33,1333,1577,рдЬрд┐рддрдиреЗ рднреА рдпреЛрдЧреА рдЬреА рд╕рдорд░реНрдердХ рдЗрд╕ рд╕рдордп рдЯреНрд╡рд┐рдЯрд░ рдкрд░ рдПрдХреНрдЯрд┐рд╡ рд╣реИ рд░рд┐рдЯреНрд╡реАрдЯ рдХрд░рдХреЗ рдЕрдкрдиреА рдЙрдкрд╕реНрдерд┐рддрд┐ рджрд░реНрдЬ рдХрд░рд╛рдПрдВ #рд▓рдЦреАрдордкреБрд░_рдореЗрдВ_рд░рд╛рдЬрдиреИрддрд┐рдХ_рдЧрд┐рджреНрдз,['рд▓рдЦреАрдордкреБрд░_рдореЗрдВ_рд░рд╛рдЬрдиреИрддрд┐рдХ_рдЧрд┐рджреНрдз']
