,username,description,location,following,followers,totaltweets,retweetcount,text,hashtags
0,JeevanD53683403,Sat sahib,,39,81,21202,44,"#рддрддреНрд╡рдЬреНрдЮрд╛рди_рд╕реЗ_рд░реБрдХреЗрдВрдЧреЗ_рдмрд▓рд╛рддреНрдХрд╛рд░
True spiritual knowledge creates a barrier for a devotee and by which the devotee doesn't indulge in ill habits. 
https://t.co/MQ6184WvJ3",['рддрддреНрд╡рдЬреНрдЮрд╛рди_рд╕реЗ_рд░реБрдХреЗрдВрдЧреЗ_рдмрд▓рд╛рддреНрдХрд╛рд░']
1,SatbirK14928204,Fuli,,18,19,4040,19,"#рддрддреНрд╡рдЬреНрдЮрд╛рди_рд╕реЗ_рд░реБрдХреЗрдВрдЧреЗ_рдмрд▓рд╛рддреНрдХрд╛рд░
рдШрд░-рдШрд░ рдЖрдзреНрдпрд╛рддреНрдо рдХреА рдЬреНрдпреЛрдд рдЬрд▓рд╛рдУ, рдмрд▓рд╛рддреНрдХрд╛рд░ рдЬреИрд╕реЗ рдШрд┐рдиреМрдиреЗ рдЕрдкрд░рд╛рдз рдХреЛ рд╕рдорд╛рдЬ рд╕реЗ рджреВрд░ рднрдЧрд╛рдУред
рдЬрдм рдШрд░-рдШрд░ рдореЗрдВ рдкреВрд░реНрдг рд╕рдВрдд рд░рд╛рдордкрд╛рд▓ рдЬреА рдорд╣рд╛рд░рд╛рдЬ рдЬреА рдХреЗ рд╕рддреНрд╕рдВрдЧ рдЪрд▓реЗрдВрдЧреЗ, рд▓реЛрдЧ рдмреБрд░рд╛рдИрдпреЛрдВ рд╕реЗ рдбрд░рдиреЗ рд▓рдЧреЗрдВрдЧреЗред https://t.co/HJsSFHAcJZ",['рддрддреНрд╡рдЬреНрдЮрд╛рди_рд╕реЗ_рд░реБрдХреЗрдВрдЧреЗ_рдмрд▓рд╛рддреНрдХрд╛рд░']
2,SatbirK14928204,Fuli,,18,19,4040,29,"#рддрддреНрд╡рдЬреНрдЮрд╛рди_рд╕реЗ_рд░реБрдХреЗрдВрдЧреЗ_рдмрд▓рд╛рддреНрдХрд╛рд░
рдпреВрдВ рддреЛ рд╣рдорд╛рд░реЗ рджреЗрд╢ рдореЗрдВ рдмрд╣реБрдд рд╕рд╛рд░реЗ рдХрд╛рдиреВрди рдмрдиреЗ рд╣реБрдП рд╣реИрдВ рдЗрд╕рдХреЗ рдмрд╛рд╡рдЬреВрдж рднреА рд▓реЛрдЧреЛрдВ рдореЗрдВ рдХрд╛рдиреВрди рдХрд╛ рдХреЛрдИ рдбрд░ рдирд╣реАрдВ рд╣реИ рдХрд╛рд░рдг рдпрд╣ рд╣реИ рдХрд┐ рдЙрдирдХреЗ рдЕрдВрджрд░ рдЖрд╕реБрд░реА рд╕реНрд╡рднрд╛рд╡ рдЖ рдЧрдпрд╛ рд╣реИ рдЗрд╕реЗ рдХреЗрд╡рд▓ рддрддреНрд╡рдЬреНрдЮрд╛рди рд╕реЗ рд╣реА рдЦрддреНрдо рдХрд┐рдпрд╛ рдЬрд╛ рд╕рдХрддрд╛ рд╣реИред To know more visit our satlok ashram YouTube channel. https://t.co/5V2FVB6EPM",['рддрддреНрд╡рдЬреНрдЮрд╛рди_рд╕реЗ_рд░реБрдХреЗрдВрдЧреЗ_рдмрд▓рд╛рддреНрдХрд╛рд░']
3,BabludaasBablu1,Bablu das,,19,10,757,22,"#рддрддреНрд╡рдЬреНрдЮрд╛рди_рд╕реЗ_рд░реБрдХреЗрдВрдЧреЗ_рдмрд▓рд╛рддреНрдХрд╛рд░
рдорд╛рдирд╡рд╕рдорд╛рдЬ рдореЗрдВ рд╡рд░реНрддрдорд╛рди рдореЗрдВрд╣реЛрд░рд╣реЗ рдмрд▓рд╛рддреНрдХрд╛рд░, рдпреМрдирдЙрддреНрдкреАрдбрд╝рди рдХреЗрдЕрдкрд░рд╛рдзреЛрдВ рддрдерд╛рдЪреЛрд░реА-рдбрд╛рдХреЗ, рднреНрд░рд╖реНрдЯрд╛рдЪрд╛рд░рдХреЗ рдЕрдкрд░рд╛рдзреЛрдВрдХреЛ рд╕рдореВрд▓ рд╕рдорд╛рдкреНрддрдХрд░рдиреЗ рдХрд╛ рдПрдХрдорд╛рддреНрд░ рд╡рд┐рдХрд▓реНрдк рдкреВрд░реНрдгрд╕рдВрдд рд░рд╛рдордкрд╛рд▓рдЬреА рдорд╣рд╛рд░рд╛рдЬ рдЬреАрдХреЗ рд╕рддреНрд╕рдВрдЧрд╡рд┐рдЪрд╛рд░ рддрдерд╛рдЙрдирдХреЗ рдЕрдиреБрдпрд╛рдИрдпреЛрдВрдХрд╛ рд╢рд┐рд╖реНрдЯрд╡реНрдпрд╡рд╣рд╛рд░ рддрдерд╛ рд╢рд╛рд▓реАрдирддрд╛рдХреЛ рдорд╛рдирд╡рд╕рдорд╛рдЬ рдХреЗ рд╕рд╛рдордиреЗрдкрд░реЛрд╕рдирд╛ рд╣реИред https://t.co/XDgWZxuTbI",['рддрддреНрд╡рдЬреНрдЮрд╛рди_рд╕реЗ_рд░реБрдХреЗрдВрдЧреЗ_рдмрд▓рд╛рддреНрдХрд╛рд░']
4,Vijayku07250603,,,800,448,9531,7,"рдШрд░-рдШрд░ рдЖрдзреНрдпрд╛рддреНрдо рдХреА рдЬреНрдпреЛрдд рдЬрд▓рд╛рдУ, рдмрд▓рд╛рддреНрдХрд╛рд░ рдЬреИрд╕реЗ рдШрд┐рдиреМрдиреЗ рдЕрдкрд░рд╛рдз рдХреЛ рд╕рдорд╛рдЬ рд╕реЗ рджреВрд░ рднрдЧрд╛рдУред
рдЬрдм рдШрд░-рдШрд░ рдореЗрдВ рдкреВрд░реНрдг рд╕рдВрдд рд░рд╛рдордкрд╛рд▓ рдЬреА рдорд╣рд╛рд░рд╛рдЬ рдЬреА рдХреЗ рд╕рддреНрд╕рдВрдЧ рдЪрд▓реЗрдВрдЧреЗ, рд▓реЛрдЧ рдмреБрд░рд╛рдИрдпреЛрдВ рд╕реЗ рдбрд░рдиреЗ рд▓рдЧреЗрдВрдЧреЗред
рдкреВрд░реНрдг рд╕рдВрдд рд░рд╛рдордкрд╛рд▓ рдЬреА рдорд╣рд╛рд░рд╛рдЬ рдЬреА рдЕрдкрдиреЗ рд╕рддреНрд╕рдВрдЧ рдореЗрдВ рдмрддрд╛рддреЗ рд╣реИрдВ рдХрд┐ рдкрд░рд╛рдИ рд╕реНрддреНрд░реА рдХреЛ 
#рддрддреНрд╡рдЬреНрдЮрд╛рди_рд╕реЗ_рд░реБрдХреЗрдВрдЧреЗ_рдмрд▓рд╛рддреНрдХрд╛рд░ https://t.co/cvRRVfVlp3",[]
5,AshokDa09601003,,,165,184,44410,137,"рдХреИрд╕реЗ рд░реБрдХреЗрдВрдЧреЗ рдЕрдкрд░рд╛рдз?
рддрддреНрд╡рдЬреНрдЮрд╛рди рд╣реЛ рдЬрд╛рдиреЗ рд╕реЗ рд╡реНрдпрдХреНрддрд┐ рдХреЛ рднрдЧрд╡рд╛рди рдХрд╛ рдбрд░ рдмрдиреЗрдЧрд╛, рдЬрд┐рд╕ рдХрд╛рд░рдг рд╡рд╣ рдЧрд▓рдд рдХрд╛рд░реНрдп рдирд╣реАрдВ рдХрд░ рд╕рдХрддрд╛ред рдЙрд╕рдХреЗ рд▓рд┐рдП рдкреВрд░реНрдг @SaintRampalJiM рд╕реЗ рджреАрдХреНрд╖рд╛ рд▓реЗрдХрд░ рдорд░реНрдпрд╛рджрд╛ рдореЗрдВ рд░рд╣рдХрд░ рднрдХреНрддрд┐ рдХрд░рдиреА рд╣реЛрддреА рд╣реИред
#рддрддреНрд╡рдЬреНрдЮрд╛рди_рд╕реЗ_рд░реБрдХреЗрдВрдЧреЗ_рдмрд▓рд╛рддреНрдХрд╛рд░ https://t.co/APhZxSzqz3",[]
6,Rajkuma25815254,Kabir is God,,358,1341,13886,22,"#рддрддреНрд╡рдЬреНрдЮрд╛рди_рд╕реЗ_рд░реБрдХреЗрдВрдЧреЗ_рдмрд▓рд╛рддреНрдХрд╛рд░
рдорд╛рдирд╡рд╕рдорд╛рдЬ рдореЗрдВ рд╡рд░реНрддрдорд╛рди рдореЗрдВрд╣реЛрд░рд╣реЗ рдмрд▓рд╛рддреНрдХрд╛рд░, рдпреМрдирдЙрддреНрдкреАрдбрд╝рди рдХреЗрдЕрдкрд░рд╛рдзреЛрдВ рддрдерд╛рдЪреЛрд░реА-рдбрд╛рдХреЗ, рднреНрд░рд╖реНрдЯрд╛рдЪрд╛рд░рдХреЗ рдЕрдкрд░рд╛рдзреЛрдВрдХреЛ рд╕рдореВрд▓ рд╕рдорд╛рдкреНрддрдХрд░рдиреЗ рдХрд╛ рдПрдХрдорд╛рддреНрд░ рд╡рд┐рдХрд▓реНрдк рдкреВрд░реНрдгрд╕рдВрдд рд░рд╛рдордкрд╛рд▓рдЬреА рдорд╣рд╛рд░рд╛рдЬ рдЬреАрдХреЗ рд╕рддреНрд╕рдВрдЧрд╡рд┐рдЪрд╛рд░ рддрдерд╛рдЙрдирдХреЗ рдЕрдиреБрдпрд╛рдИрдпреЛрдВрдХрд╛ рд╢рд┐рд╖реНрдЯрд╡реНрдпрд╡рд╣рд╛рд░ рддрдерд╛ рд╢рд╛рд▓реАрдирддрд╛рдХреЛ рдорд╛рдирд╡рд╕рдорд╛рдЬ рдХреЗ рд╕рд╛рдордиреЗрдкрд░реЛрд╕рдирд╛ рд╣реИред https://t.co/XDgWZxuTbI",['рддрддреНрд╡рдЬреНрдЮрд╛рди_рд╕реЗ_рд░реБрдХреЗрдВрдЧреЗ_рдмрд▓рд╛рддреНрдХрд╛рд░']
7,BhawnaS51226474,Kabir is real God ЁЯЩПЁЯЩПЁЯЩП,"Ambala, India",15,33,2985,22,"#рддрддреНрд╡рдЬреНрдЮрд╛рди_рд╕реЗ_рд░реБрдХреЗрдВрдЧреЗ_рдмрд▓рд╛рддреНрдХрд╛рд░
рдорд╛рдирд╡рд╕рдорд╛рдЬ рдореЗрдВ рд╡рд░реНрддрдорд╛рди рдореЗрдВрд╣реЛрд░рд╣реЗ рдмрд▓рд╛рддреНрдХрд╛рд░, рдпреМрдирдЙрддреНрдкреАрдбрд╝рди рдХреЗрдЕрдкрд░рд╛рдзреЛрдВ рддрдерд╛рдЪреЛрд░реА-рдбрд╛рдХреЗ, рднреНрд░рд╖реНрдЯрд╛рдЪрд╛рд░рдХреЗ рдЕрдкрд░рд╛рдзреЛрдВрдХреЛ рд╕рдореВрд▓ рд╕рдорд╛рдкреНрддрдХрд░рдиреЗ рдХрд╛ рдПрдХрдорд╛рддреНрд░ рд╡рд┐рдХрд▓реНрдк рдкреВрд░реНрдгрд╕рдВрдд рд░рд╛рдордкрд╛рд▓рдЬреА рдорд╣рд╛рд░рд╛рдЬ рдЬреАрдХреЗ рд╕рддреНрд╕рдВрдЧрд╡рд┐рдЪрд╛рд░ рддрдерд╛рдЙрдирдХреЗ рдЕрдиреБрдпрд╛рдИрдпреЛрдВрдХрд╛ рд╢рд┐рд╖реНрдЯрд╡реНрдпрд╡рд╣рд╛рд░ рддрдерд╛ рд╢рд╛рд▓реАрдирддрд╛рдХреЛ рдорд╛рдирд╡рд╕рдорд╛рдЬ рдХреЗ рд╕рд╛рдордиреЗрдкрд░реЛрд╕рдирд╛ рд╣реИред https://t.co/XDgWZxuTbI",['рддрддреНрд╡рдЬреНрдЮрд╛рди_рд╕реЗ_рд░реБрдХреЗрдВрдЧреЗ_рдмрд▓рд╛рддреНрдХрд╛рд░']
8,SonuVer83684102,sat saheb ЁЯСП,"Ambala, India",2563,1442,21530,22,"#рддрддреНрд╡рдЬреНрдЮрд╛рди_рд╕реЗ_рд░реБрдХреЗрдВрдЧреЗ_рдмрд▓рд╛рддреНрдХрд╛рд░
рдорд╛рдирд╡рд╕рдорд╛рдЬ рдореЗрдВ рд╡рд░реНрддрдорд╛рди рдореЗрдВрд╣реЛрд░рд╣реЗ рдмрд▓рд╛рддреНрдХрд╛рд░, рдпреМрдирдЙрддреНрдкреАрдбрд╝рди рдХреЗрдЕрдкрд░рд╛рдзреЛрдВ рддрдерд╛рдЪреЛрд░реА-рдбрд╛рдХреЗ, рднреНрд░рд╖реНрдЯрд╛рдЪрд╛рд░рдХреЗ рдЕрдкрд░рд╛рдзреЛрдВрдХреЛ рд╕рдореВрд▓ рд╕рдорд╛рдкреНрддрдХрд░рдиреЗ рдХрд╛ рдПрдХрдорд╛рддреНрд░ рд╡рд┐рдХрд▓реНрдк рдкреВрд░реНрдгрд╕рдВрдд рд░рд╛рдордкрд╛рд▓рдЬреА рдорд╣рд╛рд░рд╛рдЬ рдЬреАрдХреЗ рд╕рддреНрд╕рдВрдЧрд╡рд┐рдЪрд╛рд░ рддрдерд╛рдЙрдирдХреЗ рдЕрдиреБрдпрд╛рдИрдпреЛрдВрдХрд╛ рд╢рд┐рд╖реНрдЯрд╡реНрдпрд╡рд╣рд╛рд░ рддрдерд╛ рд╢рд╛рд▓реАрдирддрд╛рдХреЛ рдорд╛рдирд╡рд╕рдорд╛рдЬ рдХреЗ рд╕рд╛рдордиреЗрдкрд░реЛрд╕рдирд╛ рд╣реИред https://t.co/XDgWZxuTbI",['рддрддреНрд╡рдЬреНрдЮрд╛рди_рд╕реЗ_рд░реБрдХреЗрдВрдЧреЗ_рдмрд▓рд╛рддреНрдХрд╛рд░']
9,Pardeep85730666,тЦаHaryanviтЦа,"Panchkula, Haryana",55,320,67831,22,"#рддрддреНрд╡рдЬреНрдЮрд╛рди_рд╕реЗ_рд░реБрдХреЗрдВрдЧреЗ_рдмрд▓рд╛рддреНрдХрд╛рд░
рдорд╛рдирд╡рд╕рдорд╛рдЬ рдореЗрдВ рд╡рд░реНрддрдорд╛рди рдореЗрдВрд╣реЛрд░рд╣реЗ рдмрд▓рд╛рддреНрдХрд╛рд░, рдпреМрдирдЙрддреНрдкреАрдбрд╝рди рдХреЗрдЕрдкрд░рд╛рдзреЛрдВ рддрдерд╛рдЪреЛрд░реА-рдбрд╛рдХреЗ, рднреНрд░рд╖реНрдЯрд╛рдЪрд╛рд░рдХреЗ рдЕрдкрд░рд╛рдзреЛрдВрдХреЛ рд╕рдореВрд▓ рд╕рдорд╛рдкреНрддрдХрд░рдиреЗ рдХрд╛ рдПрдХрдорд╛рддреНрд░ рд╡рд┐рдХрд▓реНрдк рдкреВрд░реНрдгрд╕рдВрдд рд░рд╛рдордкрд╛рд▓рдЬреА рдорд╣рд╛рд░рд╛рдЬ рдЬреАрдХреЗ рд╕рддреНрд╕рдВрдЧрд╡рд┐рдЪрд╛рд░ рддрдерд╛рдЙрдирдХреЗ рдЕрдиреБрдпрд╛рдИрдпреЛрдВрдХрд╛ рд╢рд┐рд╖реНрдЯрд╡реНрдпрд╡рд╣рд╛рд░ рддрдерд╛ рд╢рд╛рд▓реАрдирддрд╛рдХреЛ рдорд╛рдирд╡рд╕рдорд╛рдЬ рдХреЗ рд╕рд╛рдордиреЗрдкрд░реЛрд╕рдирд╛ рд╣реИред https://t.co/XDgWZxuTbI",['рддрддреНрд╡рдЬреНрдЮрд╛рди_рд╕реЗ_рд░реБрдХреЗрдВрдЧреЗ_рдмрд▓рд╛рддреНрдХрд╛рд░']
10,Harjit72924979,harjit kaur,,99,247,29921,22,"#рддрддреНрд╡рдЬреНрдЮрд╛рди_рд╕реЗ_рд░реБрдХреЗрдВрдЧреЗ_рдмрд▓рд╛рддреНрдХрд╛рд░
рдорд╛рдирд╡рд╕рдорд╛рдЬ рдореЗрдВ рд╡рд░реНрддрдорд╛рди рдореЗрдВрд╣реЛрд░рд╣реЗ рдмрд▓рд╛рддреНрдХрд╛рд░, рдпреМрдирдЙрддреНрдкреАрдбрд╝рди рдХреЗрдЕрдкрд░рд╛рдзреЛрдВ рддрдерд╛рдЪреЛрд░реА-рдбрд╛рдХреЗ, рднреНрд░рд╖реНрдЯрд╛рдЪрд╛рд░рдХреЗ рдЕрдкрд░рд╛рдзреЛрдВрдХреЛ рд╕рдореВрд▓ рд╕рдорд╛рдкреНрддрдХрд░рдиреЗ рдХрд╛ рдПрдХрдорд╛рддреНрд░ рд╡рд┐рдХрд▓реНрдк рдкреВрд░реНрдгрд╕рдВрдд рд░рд╛рдордкрд╛рд▓рдЬреА рдорд╣рд╛рд░рд╛рдЬ рдЬреАрдХреЗ рд╕рддреНрд╕рдВрдЧрд╡рд┐рдЪрд╛рд░ рддрдерд╛рдЙрдирдХреЗ рдЕрдиреБрдпрд╛рдИрдпреЛрдВрдХрд╛ рд╢рд┐рд╖реНрдЯрд╡реНрдпрд╡рд╣рд╛рд░ рддрдерд╛ рд╢рд╛рд▓реАрдирддрд╛рдХреЛ рдорд╛рдирд╡рд╕рдорд╛рдЬ рдХреЗ рд╕рд╛рдордиреЗрдкрд░реЛрд╕рдирд╛ рд╣реИред https://t.co/XDgWZxuTbI",['рддрддреНрд╡рдЬреНрдЮрд╛рди_рд╕реЗ_рд░реБрдХреЗрдВрдЧреЗ_рдмрд▓рд╛рддреНрдХрд╛рд░']
11,Salinde23370398,Only through Satbhakti...You can  avoid the trap of Kaal and can be saved from going to hell..(Narak),"Ambala, India",898,545,43573,22,"#рддрддреНрд╡рдЬреНрдЮрд╛рди_рд╕реЗ_рд░реБрдХреЗрдВрдЧреЗ_рдмрд▓рд╛рддреНрдХрд╛рд░
рдорд╛рдирд╡рд╕рдорд╛рдЬ рдореЗрдВ рд╡рд░реНрддрдорд╛рди рдореЗрдВрд╣реЛрд░рд╣реЗ рдмрд▓рд╛рддреНрдХрд╛рд░, рдпреМрдирдЙрддреНрдкреАрдбрд╝рди рдХреЗрдЕрдкрд░рд╛рдзреЛрдВ рддрдерд╛рдЪреЛрд░реА-рдбрд╛рдХреЗ, рднреНрд░рд╖реНрдЯрд╛рдЪрд╛рд░рдХреЗ рдЕрдкрд░рд╛рдзреЛрдВрдХреЛ рд╕рдореВрд▓ рд╕рдорд╛рдкреНрддрдХрд░рдиреЗ рдХрд╛ рдПрдХрдорд╛рддреНрд░ рд╡рд┐рдХрд▓реНрдк рдкреВрд░реНрдгрд╕рдВрдд рд░рд╛рдордкрд╛рд▓рдЬреА рдорд╣рд╛рд░рд╛рдЬ рдЬреАрдХреЗ рд╕рддреНрд╕рдВрдЧрд╡рд┐рдЪрд╛рд░ рддрдерд╛рдЙрдирдХреЗ рдЕрдиреБрдпрд╛рдИрдпреЛрдВрдХрд╛ рд╢рд┐рд╖реНрдЯрд╡реНрдпрд╡рд╣рд╛рд░ рддрдерд╛ рд╢рд╛рд▓реАрдирддрд╛рдХреЛ рдорд╛рдирд╡рд╕рдорд╛рдЬ рдХреЗ рд╕рд╛рдордиреЗрдкрд░реЛрд╕рдирд╛ рд╣реИред https://t.co/XDgWZxuTbI",['рддрддреНрд╡рдЬреНрдЮрд╛рди_рд╕реЗ_рд░реБрдХреЗрдВрдЧреЗ_рдмрд▓рд╛рддреНрдХрд╛рд░']
12,PartapPartap6,kabir is God,,650,160,6806,22,"#рддрддреНрд╡рдЬреНрдЮрд╛рди_рд╕реЗ_рд░реБрдХреЗрдВрдЧреЗ_рдмрд▓рд╛рддреНрдХрд╛рд░
рдорд╛рдирд╡рд╕рдорд╛рдЬ рдореЗрдВ рд╡рд░реНрддрдорд╛рди рдореЗрдВрд╣реЛрд░рд╣реЗ рдмрд▓рд╛рддреНрдХрд╛рд░, рдпреМрдирдЙрддреНрдкреАрдбрд╝рди рдХреЗрдЕрдкрд░рд╛рдзреЛрдВ рддрдерд╛рдЪреЛрд░реА-рдбрд╛рдХреЗ, рднреНрд░рд╖реНрдЯрд╛рдЪрд╛рд░рдХреЗ рдЕрдкрд░рд╛рдзреЛрдВрдХреЛ рд╕рдореВрд▓ рд╕рдорд╛рдкреНрддрдХрд░рдиреЗ рдХрд╛ рдПрдХрдорд╛рддреНрд░ рд╡рд┐рдХрд▓реНрдк рдкреВрд░реНрдгрд╕рдВрдд рд░рд╛рдордкрд╛рд▓рдЬреА рдорд╣рд╛рд░рд╛рдЬ рдЬреАрдХреЗ рд╕рддреНрд╕рдВрдЧрд╡рд┐рдЪрд╛рд░ рддрдерд╛рдЙрдирдХреЗ рдЕрдиреБрдпрд╛рдИрдпреЛрдВрдХрд╛ рд╢рд┐рд╖реНрдЯрд╡реНрдпрд╡рд╣рд╛рд░ рддрдерд╛ рд╢рд╛рд▓реАрдирддрд╛рдХреЛ рдорд╛рдирд╡рд╕рдорд╛рдЬ рдХреЗ рд╕рд╛рдордиреЗрдкрд░реЛрд╕рдирд╛ рд╣реИред https://t.co/XDgWZxuTbI",['рддрддреНрд╡рдЬреНрдЮрд╛рди_рд╕реЗ_рд░реБрдХреЗрдВрдЧреЗ_рдмрд▓рд╛рддреНрдХрд╛рд░']
13,RaviDas22895462,,"Dera Bassi, Punjab",794,278,6396,22,"#рддрддреНрд╡рдЬреНрдЮрд╛рди_рд╕реЗ_рд░реБрдХреЗрдВрдЧреЗ_рдмрд▓рд╛рддреНрдХрд╛рд░
рдорд╛рдирд╡рд╕рдорд╛рдЬ рдореЗрдВ рд╡рд░реНрддрдорд╛рди рдореЗрдВрд╣реЛрд░рд╣реЗ рдмрд▓рд╛рддреНрдХрд╛рд░, рдпреМрдирдЙрддреНрдкреАрдбрд╝рди рдХреЗрдЕрдкрд░рд╛рдзреЛрдВ рддрдерд╛рдЪреЛрд░реА-рдбрд╛рдХреЗ, рднреНрд░рд╖реНрдЯрд╛рдЪрд╛рд░рдХреЗ рдЕрдкрд░рд╛рдзреЛрдВрдХреЛ рд╕рдореВрд▓ рд╕рдорд╛рдкреНрддрдХрд░рдиреЗ рдХрд╛ рдПрдХрдорд╛рддреНрд░ рд╡рд┐рдХрд▓реНрдк рдкреВрд░реНрдгрд╕рдВрдд рд░рд╛рдордкрд╛рд▓рдЬреА рдорд╣рд╛рд░рд╛рдЬ рдЬреАрдХреЗ рд╕рддреНрд╕рдВрдЧрд╡рд┐рдЪрд╛рд░ рддрдерд╛рдЙрдирдХреЗ рдЕрдиреБрдпрд╛рдИрдпреЛрдВрдХрд╛ рд╢рд┐рд╖реНрдЯрд╡реНрдпрд╡рд╣рд╛рд░ рддрдерд╛ рд╢рд╛рд▓реАрдирддрд╛рдХреЛ рдорд╛рдирд╡рд╕рдорд╛рдЬ рдХреЗ рд╕рд╛рдордиреЗрдкрд░реЛрд╕рдирд╛ рд╣реИред https://t.co/XDgWZxuTbI",['рддрддреНрд╡рдЬреНрдЮрд╛рди_рд╕реЗ_рд░реБрдХреЗрдВрдЧреЗ_рдмрд▓рд╛рддреНрдХрд╛рд░']
14,bimladasi12345,,"Haryana, India",114,248,23279,22,"#рддрддреНрд╡рдЬреНрдЮрд╛рди_рд╕реЗ_рд░реБрдХреЗрдВрдЧреЗ_рдмрд▓рд╛рддреНрдХрд╛рд░
рдорд╛рдирд╡рд╕рдорд╛рдЬ рдореЗрдВ рд╡рд░реНрддрдорд╛рди рдореЗрдВрд╣реЛрд░рд╣реЗ рдмрд▓рд╛рддреНрдХрд╛рд░, рдпреМрдирдЙрддреНрдкреАрдбрд╝рди рдХреЗрдЕрдкрд░рд╛рдзреЛрдВ рддрдерд╛рдЪреЛрд░реА-рдбрд╛рдХреЗ, рднреНрд░рд╖реНрдЯрд╛рдЪрд╛рд░рдХреЗ рдЕрдкрд░рд╛рдзреЛрдВрдХреЛ рд╕рдореВрд▓ рд╕рдорд╛рдкреНрддрдХрд░рдиреЗ рдХрд╛ рдПрдХрдорд╛рддреНрд░ рд╡рд┐рдХрд▓реНрдк рдкреВрд░реНрдгрд╕рдВрдд рд░рд╛рдордкрд╛рд▓рдЬреА рдорд╣рд╛рд░рд╛рдЬ рдЬреАрдХреЗ рд╕рддреНрд╕рдВрдЧрд╡рд┐рдЪрд╛рд░ рддрдерд╛рдЙрдирдХреЗ рдЕрдиреБрдпрд╛рдИрдпреЛрдВрдХрд╛ рд╢рд┐рд╖реНрдЯрд╡реНрдпрд╡рд╣рд╛рд░ рддрдерд╛ рд╢рд╛рд▓реАрдирддрд╛рдХреЛ рдорд╛рдирд╡рд╕рдорд╛рдЬ рдХреЗ рд╕рд╛рдордиреЗрдкрд░реЛрд╕рдирд╛ рд╣реИред https://t.co/XDgWZxuTbI",['рддрддреНрд╡рдЬреНрдЮрд╛рди_рд╕реЗ_рд░реБрдХреЗрдВрдЧреЗ_рдмрд▓рд╛рддреНрдХрд╛рд░']
15,nalsonrk,"рд╢реБрдХреНрд░ рдХрд░реЛ рдХреА рд╣рдо рджрд░реНрдж рд╕рд╣рддреЗ рд╣реЗ,рд▓рд┐рдЦрддреЗ рдирд╣реА,
 рдмрд░рдирд╛ рдХрд╛рдЧрдЬреЛ рдкрд░ рд▓реЮреНреЫреЛрдВ рдХреЗ рдЬрдирд╛рдЬреЗ рдЙрдарддреЗ!!
I m OWn bussiness Man, single(рдмрд╛рд▓рдмреНрд░рд╣реНрдордЪрд╛рд░реА)","рдореБрдВрдЧреЗрд░, рдмрд┐рд╣рд╛рд░ЁЯПб India",72,766,27566,1,"рдкреБрд░реБрд╖ рд╕реЗ рдКрдВрдЪрд╛ рд╕реНтАНрдерд╛рди рд╣реИ рдирд╛рд░реА рдХрд╛ рд╣рд┐рдВрджреВ рдкрд░рдВрдкрд░рд╛ рдореЗрдВ
рднрд╛рд░рдд рдореЗрдВ рд╕рджреИрд╡ рдирд╛рд░реА рдХреЛ рдЙрдЪреНрдЪ рд╕реНрдерд╛рди рджрд┐рдпрд╛ рдЧрдпрд╛ рд╣реИ
рднрд╛рд░рддреАрдп рд╕рдВрд╕реНрдХреГрддрд┐ рдореЗрдВ рдирд╛рд░реА рдХрд╛ рдЙрд▓реНрд▓реЗрдЦ рдЬрдЧрддреН-рдЬрдирдиреА рдЖрджрд┐ рд╢рдХреНрддрд┐-рд╕реНрд╡рд░реВрдкрд╛ рдХреЗ рд░реВрдк рдореЗрдВ рдХрд┐рдпрд╛ рдЧрдпрд╛ рд╣реИред
рдирд╛рд░реА рдкреВрдЬреНрдп рд╣реИ, рдЙрдирдХреА рдЗрдЬреНрдЬрдд рдХрд░реЗ рдФрд░ рдЙрдирдХреА рдорджрдж рдХреЗ рд▓рд┐рдП рд╕рджреИрд╡ рддрддреНрдкрд░ рд░рд╣реЗ ЁЯЩП
#рддрддреНрд╡рдЬреНрдЮрд╛рди_рд╕реЗ_рд░реБрдХреЗрдВрдЧреЗ_рдмрд▓рд╛рддреНрдХрд╛рд░ https://t.co/Q3YAAQV9Gr",[]
16,BijenderPhogat1,Deed writer cum-Typist ( H. and Eng.) Court compound Charkhi Dadri (Haryana),Charkhi Dadri ( Bharat ),122,49,2664,22,"#рддрддреНрд╡рдЬреНрдЮрд╛рди_рд╕реЗ_рд░реБрдХреЗрдВрдЧреЗ_рдмрд▓рд╛рддреНрдХрд╛рд░
рдорд╛рдирд╡рд╕рдорд╛рдЬ рдореЗрдВ рд╡рд░реНрддрдорд╛рди рдореЗрдВрд╣реЛрд░рд╣реЗ рдмрд▓рд╛рддреНрдХрд╛рд░, рдпреМрдирдЙрддреНрдкреАрдбрд╝рди рдХреЗрдЕрдкрд░рд╛рдзреЛрдВ рддрдерд╛рдЪреЛрд░реА-рдбрд╛рдХреЗ, рднреНрд░рд╖реНрдЯрд╛рдЪрд╛рд░рдХреЗ рдЕрдкрд░рд╛рдзреЛрдВрдХреЛ рд╕рдореВрд▓ рд╕рдорд╛рдкреНрддрдХрд░рдиреЗ рдХрд╛ рдПрдХрдорд╛рддреНрд░ рд╡рд┐рдХрд▓реНрдк рдкреВрд░реНрдгрд╕рдВрдд рд░рд╛рдордкрд╛рд▓рдЬреА рдорд╣рд╛рд░рд╛рдЬ рдЬреАрдХреЗ рд╕рддреНрд╕рдВрдЧрд╡рд┐рдЪрд╛рд░ рддрдерд╛рдЙрдирдХреЗ рдЕрдиреБрдпрд╛рдИрдпреЛрдВрдХрд╛ рд╢рд┐рд╖реНрдЯрд╡реНрдпрд╡рд╣рд╛рд░ рддрдерд╛ рд╢рд╛рд▓реАрдирддрд╛рдХреЛ рдорд╛рдирд╡рд╕рдорд╛рдЬ рдХреЗ рд╕рд╛рдордиреЗрдкрд░реЛрд╕рдирд╛ рд╣реИред https://t.co/XDgWZxuTbI",['рддрддреНрд╡рдЬреНрдЮрд╛рди_рд╕реЗ_рд░реБрдХреЗрдВрдЧреЗ_рдмрд▓рд╛рддреНрдХрд╛рд░']
17,MeghwalBagdaram,kabir is God,,113,73,5399,22,"#рддрддреНрд╡рдЬреНрдЮрд╛рди_рд╕реЗ_рд░реБрдХреЗрдВрдЧреЗ_рдмрд▓рд╛рддреНрдХрд╛рд░
рдорд╛рдирд╡рд╕рдорд╛рдЬ рдореЗрдВ рд╡рд░реНрддрдорд╛рди рдореЗрдВрд╣реЛрд░рд╣реЗ рдмрд▓рд╛рддреНрдХрд╛рд░, рдпреМрдирдЙрддреНрдкреАрдбрд╝рди рдХреЗрдЕрдкрд░рд╛рдзреЛрдВ рддрдерд╛рдЪреЛрд░реА-рдбрд╛рдХреЗ, рднреНрд░рд╖реНрдЯрд╛рдЪрд╛рд░рдХреЗ рдЕрдкрд░рд╛рдзреЛрдВрдХреЛ рд╕рдореВрд▓ рд╕рдорд╛рдкреНрддрдХрд░рдиреЗ рдХрд╛ рдПрдХрдорд╛рддреНрд░ рд╡рд┐рдХрд▓реНрдк рдкреВрд░реНрдгрд╕рдВрдд рд░рд╛рдордкрд╛рд▓рдЬреА рдорд╣рд╛рд░рд╛рдЬ рдЬреАрдХреЗ рд╕рддреНрд╕рдВрдЧрд╡рд┐рдЪрд╛рд░ рддрдерд╛рдЙрдирдХреЗ рдЕрдиреБрдпрд╛рдИрдпреЛрдВрдХрд╛ рд╢рд┐рд╖реНрдЯрд╡реНрдпрд╡рд╣рд╛рд░ рддрдерд╛ рд╢рд╛рд▓реАрдирддрд╛рдХреЛ рдорд╛рдирд╡рд╕рдорд╛рдЬ рдХреЗ рд╕рд╛рдордиреЗрдкрд░реЛрд╕рдирд╛ рд╣реИред https://t.co/XDgWZxuTbI",['рддрддреНрд╡рдЬреНрдЮрд╛рди_рд╕реЗ_рд░реБрдХреЗрдВрдЧреЗ_рдмрд▓рд╛рддреНрдХрд╛рд░']
18,sanatanlokvasi,"рд╣реЗ рд╕рдирд╛рддрдирд▓реЛрдХ рдХреЗ рд╡рд╛рд╕рд┐рдпреЛ,рдЦреБрдж рдХреЛ рдкрд╣рдЪрд╛рдиреЛ,рдордирдорд╛рдирд╛ рдЖрдЪрд░рдг рдЫреЛреЬреЛ,рд╕рдирд╛рддрдирднрдХреНрддрд┐ рд╕реЗ рдпреБрдХреНрдд рд╣реЛрдХрд░ рдЕрдкрдиреЗ рд╕рдирд╛рддрдирд▓реЛрдХ рдХреЛ рдмрд╛рдкрд╕ рдЪрд▓реЛ,рд╕рд╛рдзрдирд╛рдЯреАрд╡реА рдкрд░ рд░реЛрдЬ 7:30pm рд╕рдирд╛рддрдирд▓реЛрдХ рдХреА рдЕрд╕рд▓реА рднрдЧрддрд┐ рдорд╛рд░реНрдЧ рджреЗрдЦреЗ","Naini Tal, India",5651,5137,37248,22,"#рддрддреНрд╡рдЬреНрдЮрд╛рди_рд╕реЗ_рд░реБрдХреЗрдВрдЧреЗ_рдмрд▓рд╛рддреНрдХрд╛рд░
рдорд╛рдирд╡рд╕рдорд╛рдЬ рдореЗрдВ рд╡рд░реНрддрдорд╛рди рдореЗрдВрд╣реЛрд░рд╣реЗ рдмрд▓рд╛рддреНрдХрд╛рд░, рдпреМрдирдЙрддреНрдкреАрдбрд╝рди рдХреЗрдЕрдкрд░рд╛рдзреЛрдВ рддрдерд╛рдЪреЛрд░реА-рдбрд╛рдХреЗ, рднреНрд░рд╖реНрдЯрд╛рдЪрд╛рд░рдХреЗ рдЕрдкрд░рд╛рдзреЛрдВрдХреЛ рд╕рдореВрд▓ рд╕рдорд╛рдкреНрддрдХрд░рдиреЗ рдХрд╛ рдПрдХрдорд╛рддреНрд░ рд╡рд┐рдХрд▓реНрдк рдкреВрд░реНрдгрд╕рдВрдд рд░рд╛рдордкрд╛рд▓рдЬреА рдорд╣рд╛рд░рд╛рдЬ рдЬреАрдХреЗ рд╕рддреНрд╕рдВрдЧрд╡рд┐рдЪрд╛рд░ рддрдерд╛рдЙрдирдХреЗ рдЕрдиреБрдпрд╛рдИрдпреЛрдВрдХрд╛ рд╢рд┐рд╖реНрдЯрд╡реНрдпрд╡рд╣рд╛рд░ рддрдерд╛ рд╢рд╛рд▓реАрдирддрд╛рдХреЛ рдорд╛рдирд╡рд╕рдорд╛рдЬ рдХреЗ рд╕рд╛рдордиреЗрдкрд░реЛрд╕рдирд╛ рд╣реИред https://t.co/XDgWZxuTbI",['рддрддреНрд╡рдЬреНрдЮрд╛рди_рд╕реЗ_рд░реБрдХреЗрдВрдЧреЗ_рдмрд▓рд╛рддреНрдХрд╛рд░']
19,SohaJain001,,"Chandigarh, India",633,681,14417,22,"#рддрддреНрд╡рдЬреНрдЮрд╛рди_рд╕реЗ_рд░реБрдХреЗрдВрдЧреЗ_рдмрд▓рд╛рддреНрдХрд╛рд░
рдорд╛рдирд╡рд╕рдорд╛рдЬ рдореЗрдВ рд╡рд░реНрддрдорд╛рди рдореЗрдВрд╣реЛрд░рд╣реЗ рдмрд▓рд╛рддреНрдХрд╛рд░, рдпреМрдирдЙрддреНрдкреАрдбрд╝рди рдХреЗрдЕрдкрд░рд╛рдзреЛрдВ рддрдерд╛рдЪреЛрд░реА-рдбрд╛рдХреЗ, рднреНрд░рд╖реНрдЯрд╛рдЪрд╛рд░рдХреЗ рдЕрдкрд░рд╛рдзреЛрдВрдХреЛ рд╕рдореВрд▓ рд╕рдорд╛рдкреНрддрдХрд░рдиреЗ рдХрд╛ рдПрдХрдорд╛рддреНрд░ рд╡рд┐рдХрд▓реНрдк рдкреВрд░реНрдгрд╕рдВрдд рд░рд╛рдордкрд╛рд▓рдЬреА рдорд╣рд╛рд░рд╛рдЬ рдЬреАрдХреЗ рд╕рддреНрд╕рдВрдЧрд╡рд┐рдЪрд╛рд░ рддрдерд╛рдЙрдирдХреЗ рдЕрдиреБрдпрд╛рдИрдпреЛрдВрдХрд╛ рд╢рд┐рд╖реНрдЯрд╡реНрдпрд╡рд╣рд╛рд░ рддрдерд╛ рд╢рд╛рд▓реАрдирддрд╛рдХреЛ рдорд╛рдирд╡рд╕рдорд╛рдЬ рдХреЗ рд╕рд╛рдордиреЗрдкрд░реЛрд╕рдирд╛ рд╣реИред https://t.co/XDgWZxuTbI",['рддрддреНрд╡рдЬреНрдЮрд╛рди_рд╕реЗ_рд░реБрдХреЗрдВрдЧреЗ_рдмрд▓рд╛рддреНрдХрд╛рд░']
20,NishaSh99488538,,,791,1303,16939,22,"#рддрддреНрд╡рдЬреНрдЮрд╛рди_рд╕реЗ_рд░реБрдХреЗрдВрдЧреЗ_рдмрд▓рд╛рддреНрдХрд╛рд░
рдорд╛рдирд╡рд╕рдорд╛рдЬ рдореЗрдВ рд╡рд░реНрддрдорд╛рди рдореЗрдВрд╣реЛрд░рд╣реЗ рдмрд▓рд╛рддреНрдХрд╛рд░, рдпреМрдирдЙрддреНрдкреАрдбрд╝рди рдХреЗрдЕрдкрд░рд╛рдзреЛрдВ рддрдерд╛рдЪреЛрд░реА-рдбрд╛рдХреЗ, рднреНрд░рд╖реНрдЯрд╛рдЪрд╛рд░рдХреЗ рдЕрдкрд░рд╛рдзреЛрдВрдХреЛ рд╕рдореВрд▓ рд╕рдорд╛рдкреНрддрдХрд░рдиреЗ рдХрд╛ рдПрдХрдорд╛рддреНрд░ рд╡рд┐рдХрд▓реНрдк рдкреВрд░реНрдгрд╕рдВрдд рд░рд╛рдордкрд╛рд▓рдЬреА рдорд╣рд╛рд░рд╛рдЬ рдЬреАрдХреЗ рд╕рддреНрд╕рдВрдЧрд╡рд┐рдЪрд╛рд░ рддрдерд╛рдЙрдирдХреЗ рдЕрдиреБрдпрд╛рдИрдпреЛрдВрдХрд╛ рд╢рд┐рд╖реНрдЯрд╡реНрдпрд╡рд╣рд╛рд░ рддрдерд╛ рд╢рд╛рд▓реАрдирддрд╛рдХреЛ рдорд╛рдирд╡рд╕рдорд╛рдЬ рдХреЗ рд╕рд╛рдордиреЗрдкрд░реЛрд╕рдирд╛ рд╣реИред https://t.co/XDgWZxuTbI",['рддрддреНрд╡рдЬреНрдЮрд╛рди_рд╕реЗ_рд░реБрдХреЗрдВрдЧреЗ_рдмрд▓рд╛рддреНрдХрд╛рд░']
21,AnshuKu43654479,ЁЯЩПЁЯП╗ЁЯе░рдкреВрд░реНрдг рдкрд░рдорд╛рддреНрдорд╛ рдХрд╛ рд▓реЛрдХ рд╕рддрд▓реЛрдХ  рдЕрдорд░рд▓реЛрдХ рд╣реИ рд╡рд╣рд╛рдВ рдХрднреА рдХрд┐рд╕реА рдХреА рдореГрддреНрдпреБ рдирд╣реАрдВ рд╣реЛрддреАредЁЯЩПЁЯП╗ЁЯе░,"Vaishali, India",1540,976,13948,22,"#рддрддреНрд╡рдЬреНрдЮрд╛рди_рд╕реЗ_рд░реБрдХреЗрдВрдЧреЗ_рдмрд▓рд╛рддреНрдХрд╛рд░
рдорд╛рдирд╡рд╕рдорд╛рдЬ рдореЗрдВ рд╡рд░реНрддрдорд╛рди рдореЗрдВрд╣реЛрд░рд╣реЗ рдмрд▓рд╛рддреНрдХрд╛рд░, рдпреМрдирдЙрддреНрдкреАрдбрд╝рди рдХреЗрдЕрдкрд░рд╛рдзреЛрдВ рддрдерд╛рдЪреЛрд░реА-рдбрд╛рдХреЗ, рднреНрд░рд╖реНрдЯрд╛рдЪрд╛рд░рдХреЗ рдЕрдкрд░рд╛рдзреЛрдВрдХреЛ рд╕рдореВрд▓ рд╕рдорд╛рдкреНрддрдХрд░рдиреЗ рдХрд╛ рдПрдХрдорд╛рддреНрд░ рд╡рд┐рдХрд▓реНрдк рдкреВрд░реНрдгрд╕рдВрдд рд░рд╛рдордкрд╛рд▓рдЬреА рдорд╣рд╛рд░рд╛рдЬ рдЬреАрдХреЗ рд╕рддреНрд╕рдВрдЧрд╡рд┐рдЪрд╛рд░ рддрдерд╛рдЙрдирдХреЗ рдЕрдиреБрдпрд╛рдИрдпреЛрдВрдХрд╛ рд╢рд┐рд╖реНрдЯрд╡реНрдпрд╡рд╣рд╛рд░ рддрдерд╛ рд╢рд╛рд▓реАрдирддрд╛рдХреЛ рдорд╛рдирд╡рд╕рдорд╛рдЬ рдХреЗ рд╕рд╛рдордиреЗрдкрд░реЛрд╕рдирд╛ рд╣реИред https://t.co/XDgWZxuTbI",['рддрддреНрд╡рдЬреНрдЮрд╛рди_рд╕реЗ_рд░реБрдХреЗрдВрдЧреЗ_рдмрд▓рд╛рддреНрдХрд╛рд░']
22,Minu39477391,,,383,115,4565,22,"#рддрддреНрд╡рдЬреНрдЮрд╛рди_рд╕реЗ_рд░реБрдХреЗрдВрдЧреЗ_рдмрд▓рд╛рддреНрдХрд╛рд░
рдорд╛рдирд╡рд╕рдорд╛рдЬ рдореЗрдВ рд╡рд░реНрддрдорд╛рди рдореЗрдВрд╣реЛрд░рд╣реЗ рдмрд▓рд╛рддреНрдХрд╛рд░, рдпреМрдирдЙрддреНрдкреАрдбрд╝рди рдХреЗрдЕрдкрд░рд╛рдзреЛрдВ рддрдерд╛рдЪреЛрд░реА-рдбрд╛рдХреЗ, рднреНрд░рд╖реНрдЯрд╛рдЪрд╛рд░рдХреЗ рдЕрдкрд░рд╛рдзреЛрдВрдХреЛ рд╕рдореВрд▓ рд╕рдорд╛рдкреНрддрдХрд░рдиреЗ рдХрд╛ рдПрдХрдорд╛рддреНрд░ рд╡рд┐рдХрд▓реНрдк рдкреВрд░реНрдгрд╕рдВрдд рд░рд╛рдордкрд╛рд▓рдЬреА рдорд╣рд╛рд░рд╛рдЬ рдЬреАрдХреЗ рд╕рддреНрд╕рдВрдЧрд╡рд┐рдЪрд╛рд░ рддрдерд╛рдЙрдирдХреЗ рдЕрдиреБрдпрд╛рдИрдпреЛрдВрдХрд╛ рд╢рд┐рд╖реНрдЯрд╡реНрдпрд╡рд╣рд╛рд░ рддрдерд╛ рд╢рд╛рд▓реАрдирддрд╛рдХреЛ рдорд╛рдирд╡рд╕рдорд╛рдЬ рдХреЗ рд╕рд╛рдордиреЗрдкрд░реЛрд╕рдирд╛ рд╣реИред https://t.co/XDgWZxuTbI",['рддрддреНрд╡рдЬреНрдЮрд╛рди_рд╕реЗ_рд░реБрдХреЗрдВрдЧреЗ_рдмрд▓рд╛рддреНрдХрд╛рд░']
23,sandeep23088051,"ЁЯЩПрдХрдмреАрд░, рдорд╛рдиреБрд╖ рдЬрдиреНрдо рдкрд╛рдп рдХрд░ рдирд╣реАрдВ рд░рдЯреЗ рд╣рд░реА рдирд╛рдо|
рдЬреИрд╕реЗ рдХреБрдЖрдБ рдЬрд▓ рдмрд┐рдирд╛ рдмрдирд╡рд╛рдпрд╛ рдХреНрдпрд╛ рдХрд╛рдоредред",,559,108,4994,22,"#рддрддреНрд╡рдЬреНрдЮрд╛рди_рд╕реЗ_рд░реБрдХреЗрдВрдЧреЗ_рдмрд▓рд╛рддреНрдХрд╛рд░
рдорд╛рдирд╡рд╕рдорд╛рдЬ рдореЗрдВ рд╡рд░реНрддрдорд╛рди рдореЗрдВрд╣реЛрд░рд╣реЗ рдмрд▓рд╛рддреНрдХрд╛рд░, рдпреМрдирдЙрддреНрдкреАрдбрд╝рди рдХреЗрдЕрдкрд░рд╛рдзреЛрдВ рддрдерд╛рдЪреЛрд░реА-рдбрд╛рдХреЗ, рднреНрд░рд╖реНрдЯрд╛рдЪрд╛рд░рдХреЗ рдЕрдкрд░рд╛рдзреЛрдВрдХреЛ рд╕рдореВрд▓ рд╕рдорд╛рдкреНрддрдХрд░рдиреЗ рдХрд╛ рдПрдХрдорд╛рддреНрд░ рд╡рд┐рдХрд▓реНрдк рдкреВрд░реНрдгрд╕рдВрдд рд░рд╛рдордкрд╛рд▓рдЬреА рдорд╣рд╛рд░рд╛рдЬ рдЬреАрдХреЗ рд╕рддреНрд╕рдВрдЧрд╡рд┐рдЪрд╛рд░ рддрдерд╛рдЙрдирдХреЗ рдЕрдиреБрдпрд╛рдИрдпреЛрдВрдХрд╛ рд╢рд┐рд╖реНрдЯрд╡реНрдпрд╡рд╣рд╛рд░ рддрдерд╛ рд╢рд╛рд▓реАрдирддрд╛рдХреЛ рдорд╛рдирд╡рд╕рдорд╛рдЬ рдХреЗ рд╕рд╛рдордиреЗрдкрд░реЛрд╕рдирд╛ рд╣реИред https://t.co/XDgWZxuTbI",['рддрддреНрд╡рдЬреНрдЮрд╛рди_рд╕реЗ_рд░реБрдХреЗрдВрдЧреЗ_рдмрд▓рд╛рддреНрдХрд╛рд░']
24,Rakeshmeghwal_,рдЬреАрдиреЗ рдХреА рд░рд╛рд╣,"Sultanpur, India",1161,593,22997,22,"#рддрддреНрд╡рдЬреНрдЮрд╛рди_рд╕реЗ_рд░реБрдХреЗрдВрдЧреЗ_рдмрд▓рд╛рддреНрдХрд╛рд░
рдорд╛рдирд╡рд╕рдорд╛рдЬ рдореЗрдВ рд╡рд░реНрддрдорд╛рди рдореЗрдВрд╣реЛрд░рд╣реЗ рдмрд▓рд╛рддреНрдХрд╛рд░, рдпреМрдирдЙрддреНрдкреАрдбрд╝рди рдХреЗрдЕрдкрд░рд╛рдзреЛрдВ рддрдерд╛рдЪреЛрд░реА-рдбрд╛рдХреЗ, рднреНрд░рд╖реНрдЯрд╛рдЪрд╛рд░рдХреЗ рдЕрдкрд░рд╛рдзреЛрдВрдХреЛ рд╕рдореВрд▓ рд╕рдорд╛рдкреНрддрдХрд░рдиреЗ рдХрд╛ рдПрдХрдорд╛рддреНрд░ рд╡рд┐рдХрд▓реНрдк рдкреВрд░реНрдгрд╕рдВрдд рд░рд╛рдордкрд╛рд▓рдЬреА рдорд╣рд╛рд░рд╛рдЬ рдЬреАрдХреЗ рд╕рддреНрд╕рдВрдЧрд╡рд┐рдЪрд╛рд░ рддрдерд╛рдЙрдирдХреЗ рдЕрдиреБрдпрд╛рдИрдпреЛрдВрдХрд╛ рд╢рд┐рд╖реНрдЯрд╡реНрдпрд╡рд╣рд╛рд░ рддрдерд╛ рд╢рд╛рд▓реАрдирддрд╛рдХреЛ рдорд╛рдирд╡рд╕рдорд╛рдЬ рдХреЗ рд╕рд╛рдордиреЗрдкрд░реЛрд╕рдирд╛ рд╣реИред https://t.co/XDgWZxuTbI",['рддрддреНрд╡рдЬреНрдЮрд╛рди_рд╕реЗ_рд░реБрдХреЗрдВрдЧреЗ_рдмрд▓рд╛рддреНрдХрд╛рд░']
25,Sunny44198760,Kabir is God #рдЬреАрдиреЗ рдХреА рд░рд╛рд╣,,1180,246,16408,22,"#рддрддреНрд╡рдЬреНрдЮрд╛рди_рд╕реЗ_рд░реБрдХреЗрдВрдЧреЗ_рдмрд▓рд╛рддреНрдХрд╛рд░
рдорд╛рдирд╡рд╕рдорд╛рдЬ рдореЗрдВ рд╡рд░реНрддрдорд╛рди рдореЗрдВрд╣реЛрд░рд╣реЗ рдмрд▓рд╛рддреНрдХрд╛рд░, рдпреМрдирдЙрддреНрдкреАрдбрд╝рди рдХреЗрдЕрдкрд░рд╛рдзреЛрдВ рддрдерд╛рдЪреЛрд░реА-рдбрд╛рдХреЗ, рднреНрд░рд╖реНрдЯрд╛рдЪрд╛рд░рдХреЗ рдЕрдкрд░рд╛рдзреЛрдВрдХреЛ рд╕рдореВрд▓ рд╕рдорд╛рдкреНрддрдХрд░рдиреЗ рдХрд╛ рдПрдХрдорд╛рддреНрд░ рд╡рд┐рдХрд▓реНрдк рдкреВрд░реНрдгрд╕рдВрдд рд░рд╛рдордкрд╛рд▓рдЬреА рдорд╣рд╛рд░рд╛рдЬ рдЬреАрдХреЗ рд╕рддреНрд╕рдВрдЧрд╡рд┐рдЪрд╛рд░ рддрдерд╛рдЙрдирдХреЗ рдЕрдиреБрдпрд╛рдИрдпреЛрдВрдХрд╛ рд╢рд┐рд╖реНрдЯрд╡реНрдпрд╡рд╣рд╛рд░ рддрдерд╛ рд╢рд╛рд▓реАрдирддрд╛рдХреЛ рдорд╛рдирд╡рд╕рдорд╛рдЬ рдХреЗ рд╕рд╛рдордиреЗрдкрд░реЛрд╕рдирд╛ рд╣реИред https://t.co/XDgWZxuTbI",['рддрддреНрд╡рдЬреНрдЮрд╛рди_рд╕реЗ_рд░реБрдХреЗрдВрдЧреЗ_рдмрд▓рд╛рддреНрдХрд╛рд░']
26,MrKailashChand3,I am a follower of Jagatguru Tatv Darshi Sant Rampal Ji Maharaj.,,603,186,27050,22,"#рддрддреНрд╡рдЬреНрдЮрд╛рди_рд╕реЗ_рд░реБрдХреЗрдВрдЧреЗ_рдмрд▓рд╛рддреНрдХрд╛рд░
рдорд╛рдирд╡рд╕рдорд╛рдЬ рдореЗрдВ рд╡рд░реНрддрдорд╛рди рдореЗрдВрд╣реЛрд░рд╣реЗ рдмрд▓рд╛рддреНрдХрд╛рд░, рдпреМрдирдЙрддреНрдкреАрдбрд╝рди рдХреЗрдЕрдкрд░рд╛рдзреЛрдВ рддрдерд╛рдЪреЛрд░реА-рдбрд╛рдХреЗ, рднреНрд░рд╖реНрдЯрд╛рдЪрд╛рд░рдХреЗ рдЕрдкрд░рд╛рдзреЛрдВрдХреЛ рд╕рдореВрд▓ рд╕рдорд╛рдкреНрддрдХрд░рдиреЗ рдХрд╛ рдПрдХрдорд╛рддреНрд░ рд╡рд┐рдХрд▓реНрдк рдкреВрд░реНрдгрд╕рдВрдд рд░рд╛рдордкрд╛рд▓рдЬреА рдорд╣рд╛рд░рд╛рдЬ рдЬреАрдХреЗ рд╕рддреНрд╕рдВрдЧрд╡рд┐рдЪрд╛рд░ рддрдерд╛рдЙрдирдХреЗ рдЕрдиреБрдпрд╛рдИрдпреЛрдВрдХрд╛ рд╢рд┐рд╖реНрдЯрд╡реНрдпрд╡рд╣рд╛рд░ рддрдерд╛ рд╢рд╛рд▓реАрдирддрд╛рдХреЛ рдорд╛рдирд╡рд╕рдорд╛рдЬ рдХреЗ рд╕рд╛рдордиреЗрдкрд░реЛрд╕рдирд╛ рд╣реИред https://t.co/XDgWZxuTbI",['рддрддреНрд╡рдЬреНрдЮрд╛рди_рд╕реЗ_рд░реБрдХреЗрдВрдЧреЗ_рдмрд▓рд╛рддреНрдХрд╛рд░']
27,thesoulofdevote,Devotee of Sant Rampal ji Maharaj,,27,127,31721,29,"#рддрддреНрд╡рдЬреНрдЮрд╛рди_рд╕реЗ_рд░реБрдХреЗрдВрдЧреЗ_рдмрд▓рд╛рддреНрдХрд╛рд░
рдпреВрдВ рддреЛ рд╣рдорд╛рд░реЗ рджреЗрд╢ рдореЗрдВ рдмрд╣реБрдд рд╕рд╛рд░реЗ рдХрд╛рдиреВрди рдмрдиреЗ рд╣реБрдП рд╣реИрдВ рдЗрд╕рдХреЗ рдмрд╛рд╡рдЬреВрдж рднреА рд▓реЛрдЧреЛрдВ рдореЗрдВ рдХрд╛рдиреВрди рдХрд╛ рдХреЛрдИ рдбрд░ рдирд╣реАрдВ рд╣реИ рдХрд╛рд░рдг рдпрд╣ рд╣реИ рдХрд┐ рдЙрдирдХреЗ рдЕрдВрджрд░ рдЖрд╕реБрд░реА рд╕реНрд╡рднрд╛рд╡ рдЖ рдЧрдпрд╛ рд╣реИ рдЗрд╕реЗ рдХреЗрд╡рд▓ рддрддреНрд╡рдЬреНрдЮрд╛рди рд╕реЗ рд╣реА рдЦрддреНрдо рдХрд┐рдпрд╛ рдЬрд╛ рд╕рдХрддрд╛ рд╣реИред To know more visit our satlok ashram YouTube channel. https://t.co/5V2FVB6EPM",['рддрддреНрд╡рдЬреНрдЮрд╛рди_рд╕реЗ_рд░реБрдХреЗрдВрдЧреЗ_рдмрд▓рд╛рддреНрдХрд╛рд░']
28,thesoulofdevote,Devotee of Sant Rampal ji Maharaj,,27,127,31721,137,"рдХреИрд╕реЗ рд░реБрдХреЗрдВрдЧреЗ рдЕрдкрд░рд╛рдз?
рддрддреНрд╡рдЬреНрдЮрд╛рди рд╣реЛ рдЬрд╛рдиреЗ рд╕реЗ рд╡реНрдпрдХреНрддрд┐ рдХреЛ рднрдЧрд╡рд╛рди рдХрд╛ рдбрд░ рдмрдиреЗрдЧрд╛, рдЬрд┐рд╕ рдХрд╛рд░рдг рд╡рд╣ рдЧрд▓рдд рдХрд╛рд░реНрдп рдирд╣реАрдВ рдХрд░ рд╕рдХрддрд╛ред рдЙрд╕рдХреЗ рд▓рд┐рдП рдкреВрд░реНрдг @SaintRampalJiM рд╕реЗ рджреАрдХреНрд╖рд╛ рд▓реЗрдХрд░ рдорд░реНрдпрд╛рджрд╛ рдореЗрдВ рд░рд╣рдХрд░ рднрдХреНрддрд┐ рдХрд░рдиреА рд╣реЛрддреА рд╣реИред
#рддрддреНрд╡рдЬреНрдЮрд╛рди_рд╕реЗ_рд░реБрдХреЗрдВрдЧреЗ_рдмрд▓рд╛рддреНрдХрд╛рд░ https://t.co/APhZxSzqz3",[]
29,MrKailashChand3,I am a follower of Jagatguru Tatv Darshi Sant Rampal Ji Maharaj.,,603,186,27050,22,"#рддрддреНрд╡рдЬреНрдЮрд╛рди_рд╕реЗ_рд░реБрдХреЗрдВрдЧреЗ_рдмрд▓рд╛рддреНрдХрд╛рд░
рдорд╛рдирд╡рд╕рдорд╛рдЬ рдореЗрдВ рд╡рд░реНрддрдорд╛рди рдореЗрдВрд╣реЛрд░рд╣реЗ рдмрд▓рд╛рддреНрдХрд╛рд░, рдпреМрдирдЙрддреНрдкреАрдбрд╝рди рдХреЗрдЕрдкрд░рд╛рдзреЛрдВ рддрдерд╛рдЪреЛрд░реА-рдбрд╛рдХреЗ, рднреНрд░рд╖реНрдЯрд╛рдЪрд╛рд░рдХреЗ рдЕрдкрд░рд╛рдзреЛрдВрдХреЛ рд╕рдореВрд▓ рд╕рдорд╛рдкреНрддрдХрд░рдиреЗ рдХрд╛ рдПрдХрдорд╛рддреНрд░ рд╡рд┐рдХрд▓реНрдк рдкреВрд░реНрдгрд╕рдВрдд рд░рд╛рдордкрд╛рд▓рдЬреА рдорд╣рд╛рд░рд╛рдЬ рдЬреАрдХреЗ рд╕рддреНрд╕рдВрдЧрд╡рд┐рдЪрд╛рд░ рддрдерд╛рдЙрдирдХреЗ рдЕрдиреБрдпрд╛рдИрдпреЛрдВрдХрд╛ рд╢рд┐рд╖реНрдЯрд╡реНрдпрд╡рд╣рд╛рд░ рддрдерд╛ рд╢рд╛рд▓реАрдирддрд╛рдХреЛ рдорд╛рдирд╡рд╕рдорд╛рдЬ рдХреЗ рд╕рд╛рдордиреЗрдкрд░реЛрд╕рдирд╛ рд╣реИред https://t.co/XDgWZxuTbI",['рддрддреНрд╡рдЬреНрдЮрд╛рди_рд╕реЗ_рд░реБрдХреЗрдВрдЧреЗ_рдмрд▓рд╛рддреНрдХрд╛рд░']
